photo_id,lat,lon,city,image_url,date
1250301481,26.929095,75.831749,Jaipur,https://storage13.openstreetcam.org/files/photo/2021/3/8/proc/3450197_82022_6045761c2ffce.jpg,2019-06-06 07:38:19.000
1250303629,26.899315,75.816417,Jaipur,https://storage13.openstreetcam.org/files/photo/2021/3/8/proc/3450217_faa31_604576b78c2d2.jpg,2019-06-06 09:38:13.000
1250302673,26.892230,75.814073,Jaipur,https://storage13.openstreetcam.org/files/photo/2021/3/8/proc/3450229_6620e_6045766eab3d1.jpg,2019-06-06 09:44:30.000
1250299241,26.925223,75.824247,Jaipur,https://storage13.openstreetcam.org/files/photo/2021/3/8/proc/3450205_1e6cd_6045759260f60.jpg,2019-06-06 09:25:31.000
1250304461,26.915538,75.800813,Jaipur,https://storage13.openstreetcam.org/files/photo/2021/3/8/proc/3450241_fcef7_604576f9be9ce.jpg,2019-06-06 09:58:22.000
1250300377,26.934040,75.833133,Jaipur,https://storage13.openstreetcam.org/files/photo/2021/3/8/proc/3450193_8fb6d_604575d08dd8c.jpg,2019-06-06 07:20:31.000
1250300797,26.926179,75.827180,Jaipur,https://storage13.openstreetcam.org/files/photo/2021/3/8/proc/3450201_0242d_604575ef8011b.jpg,2019-06-06 07:55:32.000
16027333,26.896648,75.810701,Jaipur,https://storage2.openstreetcam.org/files/photo/2017/2/1/proc/47243_3b530_5891deb9172f9.jpg,2017-01-22 11:23:04.000
1250300841,26.916543,75.820737,Jaipur,https://storage13.openstreetcam.org/files/photo/2021/3/8/proc/3450213_6f41d_604575f299fdc.jpg,2019-06-06 09:32:35.000
1250306457,26.900001,75.797744,Jaipur,https://storage13.openstreetcam.org/files/photo/2021/3/8/proc/3450233_dc7b9_6045778781623.jpg,2019-06-06 09:48:58.000
16026643,26.898020,75.816056,Jaipur,https://storage2.openstreetcam.org/files/photo/2017/2/1/proc/47240_aeec9_5891dd69db648.jpg,2017-01-22 10:57:10.000
1250305709,26.909544,75.800687,Jaipur,https://storage13.openstreetcam.org/files/photo/2021/3/8/proc/3450237_ac0dc_60457755e7eef.jpg,2019-06-06 09:51:47.000
16027113,26.894714,75.815360,Jaipur,https://storage2.openstreetcam.org/files/photo/2017/2/1/proc/47242_3b530_5891de2e88dd1.jpg,2017-01-22 11:20:57.000
1250300441,26.923656,75.822657,Jaipur,https://storage13.openstreetcam.org/files/photo/2021/3/8/proc/3450209_e3fdd_604575d59739f.jpg,2019-06-06 09:28:01.000
1250303041,26.892410,75.814579,Jaipur,https://storage13.openstreetcam.org/files/photo/2021/3/8/proc/3450225_22965_604576879193a.jpg,2019-06-06 09:43:27.000
1250303241,26.894318,75.809294,Jaipur,https://storage13.openstreetcam.org/files/photo/2021/3/8/proc/3450233_61f6f_6045769849880.jpg,2019-06-06 09:46:27.000
1250306521,26.915773,75.791025,Jaipur,https://storage13.openstreetcam.org/files/photo/2021/3/8/proc/3450245_98414_6045778ef3915.jpg,2019-06-06 10:02:07.000
1250302469,26.895085,75.815309,Jaipur,https://storage13.openstreetcam.org/files/photo/2021/3/8/proc/3450221_d43d3_60457656df3c9.jpg,2019-06-06 09:40:44.000
