photo_id,lat,lon,city,image_url
2632039492,22.579882,88.351013,Kolkata,https://storage13.openstreetcam.org/files/photo/2026/8/2/proc/11680563_be81c2d94e038faa1b0bdbe9bbf2e1dd.jpg
2632039495,22.568042,88.346282,Kolkata,https://storage13.openstreetcam.org/files/photo/2026/8/2/proc/11680564_6e79c0326da8c73bd2ee10795e00f5ae.jpg
2632039887,22.565580,88.348153,Kolkata,https://storage13.openstreetcam.org/files/photo/2026/8/2/proc/11680574_26f81bfdf6bf86f633606d47529cfe03.jpg
2632039902,22.565663,88.350437,Kolkata,https://storage13.openstreetcam.org/files/photo/2026/8/2/proc/11680575_009aa4f3fd8bfe6cf1344992d49208da.jpg
2632039937,22.566737,88.353382,Kolkata,https://storage13.openstreetcam.org/files/photo/2026/8/2/proc/11680576_9eaa93f93cfd72622f42f5575a6660b8.jpg
2632039962,22.569607,88.357632,Kolkata,https://storage13.openstreetcam.org/files/photo/2026/8/2/proc/11680577_1a845f56da0e2f189b348cb0868b852d.jpg
2632039978,22.570533,88.357898,Kolkata,https://storage13.openstreetcam.org/files/photo/2026/8/2/proc/11680578_440f28c9e174cb53706c3d29d79d9ad2.jpg
2632039990,22.572655,88.358427,Kolkata,https://storage13.openstreetcam.org/files/photo/2026/8/2/proc/11680579_6dabc174d2fc6a14f7e606883447eea2.jpg
2632040000,22.573638,88.359083,Kolkata,https://storage13.openstreetcam.org/files/photo/2026/8/2/proc/11680580_78fbe223c9912a3d293cc9f54aa3fd00.jpg
2632040012,22.573839,88.359117,Kolkata,https://storage13.openstreetcam.org/files/photo/2026/8/2/proc/11680582_70ca13d1df0e14c85422540e880f559b.jpg
2632040019,22.581543,88.361442,Kolkata,https://storage13.openstreetcam.org/files/photo/2026/8/2/proc/11680583_e2fc450334a74d8c91aecdf24ef30a65.jpg
2632040065,22.585960,88.365452,Kolkata,https://storage13.openstreetcam.org/files/photo/2026/8/2/proc/11680584_91ac792fdab2971fe5f64f84182732e7.jpg
2632040075,22.585882,88.366787,Kolkata,https://storage13.openstreetcam.org/files/photo/2026/8/2/proc/11680585_d8c9b20efa58e04b57ec082b40cd9d4d.jpg
2632040079,22.585503,88.373958,Kolkata,https://storage13.openstreetcam.org/files/photo/2026/8/2/proc/11680587_ef9fc3943587363506fc22be2ec7046b.jpg
2632040099,22.584257,88.377882,Kolkata,https://storage13.openstreetcam.org/files/photo/2026/8/2/proc/11680588_ea9f02fbc4a5d050b083b8e158d0c72d.jpg
1250304461,26.915538,75.800813,Jaipur,https://storage13.openstreetcam.org/files/photo/2021/3/8/proc/3450241_fcef7_604576f9be9ce.jpg
1250305709,26.909544,75.800687,Jaipur,https://storage13.openstreetcam.org/files/photo/2021/3/8/proc/3450237_ac0dc_60457755e7eef.jpg
1250306457,26.900001,75.797744,Jaipur,https://storage13.openstreetcam.org/files/photo/2021/3/8/proc/3450233_dc7b9_6045778781623.jpg
1250306521,26.915773,75.791025,Jaipur,https://storage13.openstreetcam.org/files/photo/2021/3/8/proc/3450245_98414_6045778ef3915.jpg
