osm_id,lat,lon,name,amenity,shop,opening_hours,phone
566815520,26.9161855,75.8109776,Natraj vegetarian Restaurant,restaurant,,,
691261875,26.9106803,75.7985655,Anokhi Cafe,restaurant,,,
1338021375,26.9459398,75.7977858,Relaince Fresh,,convenience,,
1496871951,26.9026707,75.7936885,metropolitian mall,,convenience,,
2583229954,26.9168711,75.8201955,Ganesh Restaurant,restaurant,,,
2684721077,26.9108905,75.7889678,Spice Court,restaurant,,,
2684968689,26.9196343,75.8254983,Laxmi Mishthan Bhandar,restaurant,,,+91 9024 609609
2690970281,26.9026493,75.7923721,HP,fuel,,,
2692620884,26.9688610,75.7734203,Soni Manipal Hospital,hospital,,,
2694200840,26.9047068,75.7805686,ALCS: Cosmetic Surgery; Hair Transplant & Laser Clinic in Jaipur,hospital,,,
2725295485,26.8840927,75.8129569,Police Station Gandhi Circle,police,,,
2725302272,26.8894783,75.8123403,Prakritik Chikitsalaya,hospital,,,
2725536808,26.8935138,75.8136560,Santokba Durlabhji Memorial Hospital,hospital,,,
2777043234,26.9072246,75.7771383,ESIC Hospital,hospital,,,
2777043235,26.9173942,75.8046009,Old Green Tandori Dhaba,restaurant,,,
3077970035,26.8490145,75.7653843,Saket Hospital,hospital,,,
3078036947,26.8499173,75.7686683,Hotel Raj Style Inn,restaurant,,,
3078036948,26.8481625,75.7701650,Neelam Dhaba,restaurant,,,
3078037746,26.8399146,75.7696685,Curewell Hospital,hospital,,,
3078038139,26.8478810,75.7702746,Mahadev Dhaba,restaurant,,,
3081602535,26.8624615,75.8063864,Saras Parlour,restaurant,,,
3083894234,26.8599941,75.7560724,HP,fuel,,,
3083894235,26.8798892,75.7580880,Ganga Jamuna,fuel,,,
3083894236,26.8797346,75.7639391,,fuel,,,
3083894237,26.8460486,75.7770817,,fuel,,,
3083894238,26.8528101,75.7798893,,fuel,,,
3083894333,26.8613433,75.7647718,Indian Oil,fuel,,,
3083894733,26.8470878,75.8084963,Shaheed Amit Bharadwaj Petrol Pump,fuel,,,
3083894833,26.8648110,75.7966310,Indian Oil,fuel,,,
3083894834,26.8726037,75.7971444,Indian Oil,fuel,,,
3083894933,26.9169424,75.8169212,HP,fuel,,,
3209386497,26.9206156,75.8041948,Chitra Café,cafe,,,
3258246837,26.9170670,75.8004209,Vishal,,supermarket,,
3476216925,26.8569226,75.8009531,Goverment Rukmani Devi Japuria Hospital,hospital,,,
3476221910,26.8544337,75.8082444,Kanha,restaurant,,,
3560470590,26.8621894,75.8121950,MNIT college Dispensary,hospital,,,
3677353031,26.9169156,75.8063152,HP,fuel,,,
3685074340,26.9173922,75.7951707,,pharmacy,,,
3685074595,26.9174637,75.7972760,,pharmacy,,,
3685074596,26.9155550,75.7949393,Nibs,cafe,,,
3685075825,26.9194775,75.7996659,Pizza Hut,restaurant,,,
3788605554,26.8808849,75.7980181,Vitthal's Kitchen,restaurant,,10:00-23:00,
3806704620,26.9161685,75.8107981,Sanjay Medical Store,pharmacy,chemist,,
3842344276,26.9164285,75.8094487,Yo China,restaurant,,,
3874537053,26.9068342,75.7955088,Shoppers' Paradise,,convenience,,
3875761989,26.9170881,75.7436310,Corner 10,cafe,,,
3912110531,26.9216983,75.7968445,Kanyi Restaurant,restaurant,,,
4015018939,26.9060748,75.7970467,Cafe Coffee Day,cafe,,11:00-23:00,+911414048647
4141343712,26.9698830,75.7732925,Vishal Mega Mart,,supermarket,,
4141428087,26.9704020,75.7647832,Police Station Murlipura,police,,,
4226406191,26.8503126,75.8256551,Reliance Petrol Pump,fuel,,,
4226406290,26.8372530,75.8335656,Jaipur Textile Market,,supermarket,Mo-Fr 09:00-18:00,+91 8000108314
4226406593,26.8219982,75.8109285,Cheel Gadi; Sanganer,restaurant,,,
4226410890,26.8376142,75.8335360,JTM,,supermarket,,
4226410891,26.8726988,75.8209348,Shaheed Basti Ram Petrol Pump,fuel,,,
4226413890,26.8595478,75.8088895,Bharat Petroleum,fuel,,,
4226415289,26.8528358,75.8243583,Indian Oil Petrol Pump,fuel,,,
4226415489,26.8547506,75.8252712,Apex Hospitals Pvt Ltd,hospital,,,
4226415589,26.8228017,75.8482272,Krishna Ram Charitable Hospital,hospital,,,
4348672497,26.9198945,75.7987261,Mohan Restaurant,restaurant,,,
4427334090,26.9604096,75.7605386,,hospital,,,
4464789989,26.9170942,75.8200153,,restaurant,,,
4466075493,26.9270367,75.8281377,Kailash Restaurant,restaurant,,,
4466633240,26.9137147,75.8294774,,fuel,,,
4466633244,26.8932530,75.8121050,SDMH,hospital,,,
4466634118,26.8951673,75.8149318,soni hospital,hospital,,,
4466634254,26.9015610,75.7827000,,fuel,,,
4486242089,26.9209213,75.8039303,bella italia,restaurant,,,
4537269090,26.8930025,75.8320808,,restaurant,,,
4537365003,26.9830620,75.8444611,Jaighar,restaurant,,,
4547443698,26.9483121,75.8404444,Rainbow Cafe; Jaipur,cafe,,,
4562817902,26.9211120,75.7965930,,cafe,,Mo-Su 11:00-23:00,
4579745989,26.9163329,75.7956078,Peacock rooftop restaurant,restaurant,,Mo-Su 07:30-23:30,
4621858291,26.9185644,75.8077715,jaipur dental hospital,hospital,,Mo-Su 10:00-20:00,+91-141-2368183
4623697391,26.8933272,75.7694168,,pharmacy,,,
4706796989,26.8978763,75.8147386,,restaurant,,,
4706947494,26.9196661,75.7913021,,restaurant,,,
4743392521,26.9157551,75.8101207,,restaurant,,,+911414024597
4744477348,26.8225833,75.7798425,Sparsh Hospital,hospital,,,
4744500823,26.9171606,75.8145919,India Coffe House,cafe,,Mo-Su 08:00-21:00,
4744578221,26.9164507,75.7991333,coffey Day,cafe,,,
4759741309,26.8913100,75.7590683,,restaurant,,,
4793756921,26.9063113,75.8150111,,hospital,,,
4793756922,26.9060159,75.8161049,Sawai Man Singh Hospital; Jaipur,hospital,,,
4793756923,26.9171490,75.8145028,,cafe,,,
4795736622,26.9122319,75.8037901,,restaurant,,,
4798048721,26.9073400,75.8146282,SMS Trauma Center,hospital,,,
4798056521,26.9078828,75.8126688,V2 FINE DINING,restaurant,,,
4811264442,26.9161730,75.8106707,,cafe,,,
4826369122,26.9120381,75.7920659,Cheap food places,restaurant,,,
4830934021,26.9063152,75.7966924,Dhaba,restaurant,,,
4872701221,26.9662724,75.7824328,,pharmacy,,24/7,9772222290
4877294175,26.9110124,75.7421695,Hotel Marc Inn,restaurant,,,+91-9001094661
4880275221,26.8755640,75.7926050,,hospital,,Mo-Su 09:30-12:59,01412595176
4895063322,26.9198326,75.8244780,,restaurant,,,
4900113521,26.9170712,75.8047235,Green Restaurant Pure Vegetarian,restaurant,,,
4925893021,26.9247396,75.7895873,,restaurant,,,+911412201899
4959426923,26.9331035,75.8372573,Samode Haveli ; Jaipur,restaurant,,,
4959447121,26.9867182,75.8503449,,restaurant,,Mo-Su 09:00-22:30,
4959451821,26.9130736,75.7853986,,restaurant,,Mo-Su 07:00-23:00,
4959487622,26.8978423,75.8079481,,restaurant,,,
4959496421,26.9169731,75.8040700,Copper Chimney,restaurant,,Mo-Su 18:30-23:00,
4959540921,26.9056742,75.8111596,Tapri Central ; JAIPUR,cafe,,,
5016200924,26.9408543,75.8384138,Parampara,restaurant,,,
5033546322,26.8149712,75.8628121,,cafe,,,
5074567726,26.9422060,75.8374738,,restaurant,,,
5074575922,26.9237826,75.8205740,Midtown Multicuisine Restaurant,restaurant,,,
5144379721,26.9050829,75.7946411,,cafe,,Mo-Su 11:00-22:00,+91 97996 28666
5144800321,26.8945386,75.7683878,,restaurant,,,
5147754221,26.9060714,75.7953720,,restaurant,,,
5158187422,26.9192779,75.7994243,,,supermarket,,
5213122428,26.9069676,75.7893810,Lazy Mozo Backpackers,restaurant,,,
5225682023,26.9238060,75.8273105,,restaurant,,,
5227030921,26.9498381,75.8421508,RESTAURANT ; JAIPUR,restaurant,,,
5240550722,26.9857405,75.8542783,,cafe,,,
5249142721,26.8951343,75.8290109,,restaurant,,,
5249183922,26.9194326,75.7997638,Gulab Ji Chai,cafe,,Mo-Su 06:00-20:00,
5249299221,26.9238060,75.8273140,The Tattoo Cafe,cafe,,Mo-Su 08:00-23:00,+919828065533
5283298222,26.9304622,75.8283513,Hawk View Roof Top Restaurant,restaurant,,,
5340747922,26.9244566,75.7877300,Shama Bhojnyala,restaurant,,,
5342932521,26.9241359,75.7897529,Maggie rooftop restaurant ; Jaipur,restaurant,,,
5344535321,26.9237491,75.8272853,Wind view cafe,cafe,,,
5393075823,26.9169628,75.8053859,,restaurant,,Mo-Su 16:00-23:00,
5419597998,26.8279302,75.8062494,CIP Lounge Airport Jaipur,restaurant,,,
5419597999,26.8277778,75.8061437,Airr Toast,cafe,,,
5422169221,26.9042168,75.7969605,Curious Life Coffee Roasters,cafe,,,
5436562222,26.9331132,75.7963001,HP,fuel,,,
5468492121,26.9112425,75.8197191,Cafe Coffee Day,cafe,,,
5473212045,26.9177909,75.7950769,Police Station,police,,,
5533496172,26.8589685,75.8086772,Face kraft - Centre for advanced dentistry,hospital,,,+917023271994
5579575445,26.9342829,75.8253191,,cafe,,,
5579575531,26.9305910,75.8278325,,restaurant,,,
5579686421,26.9304449,75.8284459,Royal Sheritan Rooftop Bar,restaurant,,,
5582501185,26.8918721,75.8101422,Dr. Ramani's Dental Practice,hospital,,,097838 11114
5603023822,26.9495600,75.8375430,Restaurant ; Jaipur,restaurant,,,
5625789126,26.9285973,75.7892338,,,convenience,,
5628122223,26.9207081,75.7909211,,,supermarket,,
5717785320,26.9284344,75.7923832,Umaid Bhawan,restaurant,,,
5756676422,26.9317960,75.7918159,Sanjavani hospital,hospital,,,
5792264353,26.9334401,75.8347763,,restaurant,,,
5806062553,26.9247436,75.7906405,,restaurant,,,
5940047485,26.9157256,75.7963116,,restaurant,,,+9191161111146
5953407587,26.9140104,75.7987636,Jaipur modern,restaurant,,,
6029009694,26.9396438,75.8369237,,restaurant,,,
6029038596,26.9397188,75.8369813,Green pigeon,restaurant,,,
6029038599,26.9397212,75.8370234,,restaurant,,,
6062908585,26.9871861,75.8545361,,cafe,,,
6158494085,26.8615784,75.7956052,CHANMAN,restaurant,,,
6163167185,26.9459487,75.8472052,Indian oil ; JAIPUR,fuel,,,
6183444886,26.9162394,75.8112696,,restaurant,,,
6249028885,26.9162022,75.7958659,Kalyan Rooftop Restaurant,restaurant,,Mo-Su 07:00-23:50,9314501591
6254109685,26.9455632,75.8401430,,restaurant,,Mo-Su 10:00-23:00,
6255764985,26.9865438,75.8502464,,cafe,,,
6255765085,26.9237416,75.8268257,,cafe,,,
6262869885,26.9263484,75.8276354,,restaurant,,,+919783640555
6341259416,26.8401687,75.8058755,Eternal Heart Care Center,hospital,,,
6477759985,26.9163003,75.8080015,dasaprakash,restaurant,,,
6479937688,26.9242783,75.7883111,Shri Krishna Restaurant,restaurant,,,
6509321886,26.9253797,75.7909073,Atithiya,restaurant,,,8290405434
6630557586,26.9231668,75.7937215,Bharat Petroleum,fuel,,,
6631002785,26.9544638,75.8421347,HP GAS STATION NEAR JAL MAHAL ; JAIPUR,fuel,,,
6718124385,26.9183926,75.8213095,Sahu Ki Chai,cafe,,,
6728959764,26.9347868,75.9233302,Amul Cafe,cafe,,,
6728990941,26.9346954,75.9233219,Bazingaa,restaurant,,Mo-Su 09:00-21:00,
6728990942,26.9347409,75.9234112,Food Barn,restaurant,,24/7,
6766661285,26.9024904,75.7943953,Nibs Restaurant Cafe,cafe,,,
6815891298,26.8549744,75.8054398,Amarnath Café,cafe,,,
6848303186,26.9398195,75.8165576,,cafe,,,
6855397988,26.9174489,75.8185448,,restaurant,,,
6856541385,26.9006494,75.7966037,,,supermarket,,
6908274785,26.9053917,75.7943144,Brown Bites bakes and cafe,cafe,,,
6955659885,26.9320929,75.8176035,,police,,,
6966458470,26.8553877,75.8769124,JNU Hospital and Medical College,hospital,,,0141 298 1400
6968230689,26.9153921,75.7355845,Police Station Vaishali Nagar,police,,,
6968230696,26.9019038,75.7763672,Sodala Thana,police,,,
6968230705,26.8915644,75.7414192,Asopa Hospital,hospital,,,
6968230707,26.9034635,75.7531462,Kanha Restaurant,restaurant,,,
6968230709,26.9059908,75.7519889,HP - GURU JAMBESHWAR PETRO SERVICES,fuel,,,
6968230710,26.9141460,75.7528759,HP,fuel,,,
6968230711,26.8972450,75.7532693,HP,fuel,,,
6968230712,26.9004314,75.7691078,HP,fuel,,,
6968230713,26.9013530,75.7709911,Indian Oil,fuel,,,
6976031005,26.8994432,75.7342969,Chitrakoot police Station,police,,,
6976031027,26.9109778,75.7438960,Shiv Medical & General Store,pharmacy,,,
6976031029,26.9112988,75.7433748,Pizza Hut,restaurant,,,
6976031037,26.9153299,75.7437592,Big Bazaar,,supermarket,,
6976031045,26.9100083,75.7437520,Reliance Fresh,,supermarket,,
6978714376,26.9170247,75.7657726,Chinkara Canteen,,supermarket,,
6978725493,26.9034734,75.7292121,Shalby Multi-Specialty Hospital; Jaipur,hospital,,,
6979547432,26.8408583,75.8072035,Indian Oil,fuel,,,
7000754687,26.9165311,75.8095597,,restaurant,,,
7007860485,26.9320250,75.8313405,Surabhi,restaurant,,,
7023771785,26.9297256,75.8025622,,restaurant,,,
7024812754,26.8944983,75.7640308,Sharad Hospital,hospital,,,
7024823966,26.8880586,75.8305617,R.P. Memorial Hospital,hospital,,,
7024847602,26.8453338,75.7706899,Sharda General Hospital,hospital,,,
7024858970,26.8675199,75.7702032,R.A.G. Hospital,hospital,,,
7024889676,26.9068181,75.8245965,Sharma Hospital; Jaipur,hospital,,,
7024897100,26.8525438,75.8017749,R.G.S Eye Centre and Retina Foundation,hospital,,,
7025015210,26.9245242,75.7880560,Bani Park Hospital,hospital,,,
7025038083,26.8953299,75.8208033,K.M.S.Hospital,hospital,,,
7025072866,26.8189131,75.7986467,Archana Hospital,hospital,,,
7025156650,26.8479288,75.8053221,Anita Maternity Home,hospital,,,
7025157462,26.8873756,75.8079158,Anshu Hospital,hospital,,,
7025196557,26.9075955,75.8238333,Anil Hospital,hospital,,,
7025199278,26.8962948,75.7448383,Anita Children's Hospital,hospital,,,
7025210570,26.9447930,75.7478651,Anand Maternity Hospital,hospital,,,
7025222996,26.9081588,75.7963179,Anand Eye Hospital,hospital,,,
7025281080,26.8681845,75.7577665,Amar Medical and Research Centre,hospital,,,
7025285294,26.8977635,75.8322018,Amodh Hospital,hospital,,,
7025288970,26.8620783,75.7926258,Amarnath Allergy And General Hospital,hospital,,,
7025306774,26.9204054,75.8214140,Amar Jain Hospital,hospital,,,
7025429713,26.9021049,75.8416218,Satellite Hospital; Sethi Colony ; JAIPUR,hospital,,,
7027488070,26.8155385,75.7741803,Raj Hospital; Jaipur,hospital,,,
7027516600,26.9012510,75.7969281,Dr Roy Chowdary's Institute Of Urology,hospital,,,
7027544538,26.9460902,75.7357603,Radha Nursing Home; Jotwara,hospital,,,
7027565979,26.9215199,75.7426026,R.K.Yadav Memorial Hospital,hospital,,,
7027616575,26.8815962,75.7987918,J P Eye Hospital; Jaipur,hospital,,,
7027675114,26.9421067,75.7639946,Shubham Hospital and Maternity Centre,hospital,,,
7027685279,26.9014055,75.8177174,J. K. Loan Hospital,hospital,,,
7027690433,26.8973018,75.8109118,International Fertility and Health Care Centre,hospital,,,
7027700037,26.9194554,75.7431050,J. N. Mishra Memorial Hospital,hospital,,,
7027721133,26.8917103,75.8002755,Indowestern Brain and Spine Hospital,hospital,,,
7027743300,26.8935881,75.8243215,Holy Family Hospital; Jaipur,hospital,,,
7027752926,26.8402031,75.7717831,Hi Tech Hospital; Jaipur,hospital,,,
7027765939,26.9086623,75.8108716,Heart and General Hospital,hospital,,,
7027768952,26.8940283,75.7694166,Vardhman Hospital; Jaipur,hospital,,,
7027783622,26.8784928,75.7792993,Health Hospital,hospital,,,
7027786380,26.8979427,75.8178108,Uniara Hospital,hospital,,,
7027800130,26.9003251,75.7516079,Tyagi Eye Hospital,hospital,,,
7028059883,26.9055068,75.7780299,Kamdar Children Hospital,hospital,,,
7030319490,26.9388107,75.8379353,Aanandam,restaurant,,,
7030319497,26.8631143,75.7916013,Grab A Coffee,cafe,,,
7030319501,26.8645183,75.7966356,Tan-Sukh,restaurant,,,
7030319503,26.8676258,75.8034563,Advanced Heart Care Center,hospital,,,
7030351333,26.8636395,75.7937336,Bhandari Hospital and Research Centre,hospital,,,
7030410093,26.9025702,75.8257002,Bhiwani Eye Care Centre,hospital,,,
7030524543,26.9388918,75.7810803,C.B.L. Memorial Holy Family Hospital,hospital,,,
7030551132,26.9009951,75.8267596,Carewell Hospital,hospital,,,
7030589195,26.8593131,75.8081784,Centre For Sight,hospital,,,
7030599187,26.9378000,75.7929099,Government Dental College and Hospital; Jaipur,hospital,,,
7030617003,26.9354644,75.7881075,Jaipur Fertility Centre,hospital,,,
7030621054,26.9263698,75.8066270,Zanana Hospital,hospital,,,
7030626395,26.8559437,75.8222223,Jaipur Calgary Eye Hospital,hospital,,,
7030653289,26.8968605,75.8372819,Jain Hospital; Jaipur,hospital,,,
7030693236,26.8715679,75.7009154,Rawal Hospital; Jaipur,hospital,,,
7030706668,26.9118613,75.7502174,Jain Fertility and Mother Care Hospital,hospital,,,
7030741194,26.8915847,75.8001870,Jain ENT Hospital; Jaipur,hospital,,,
7030741596,26.8564929,75.7960518,Khandaka Hospital,hospital,,,
7030796055,26.8981570,75.7805492,Sita Devi Hospital,hospital,,,
7030849552,26.9434985,75.7528141,Monika Hospital,hospital,,,
7030952427,26.8976523,75.8240989,Madan Parnami Memorial Hospital,hospital,,,
7034765483,26.9260733,75.8314803,K.K Diagnostic Centre ; Jaipur,hospital,,,
7034765952,26.9136622,75.8025286,K.C. Memorial Eye Hospital,hospital,,,
7034856996,26.8982180,75.8236563,Vasundhra Hospital,hospital,,,
7034908135,26.8996424,75.7368386,Jindal Eye Hospital,hospital,,,
7034953778,26.9772622,75.7726796,Jha Hospital,hospital,,,
7034998849,26.9225486,75.7534271,Sadhana Hospital Pvt. Ltd.,hospital,,,
7035005280,26.8972552,75.7522546,Shubh Hospital,hospital,,,
7035008372,26.8019159,75.8131447,Gopinath Hospital,hospital,,,
7035072949,26.9820428,75.7721069,Shri Ram Hospital,hospital,,,
7035093683,26.8631478,75.7544397,Gem Hospital,hospital,,,
7035102789,26.8974250,75.7516202,Shri Niddan Hospital and Hope Fertility Centre,hospital,,,
7035107000,26.9096883,75.7899821,Gautam Hospital and Research Center,hospital,,,
7035131690,26.9429908,75.7496845,Jeevan Shri Hospital and Fertility Center,hospital,,,
7035163535,26.9713950,75.7604970,M.D.D. Hospital,hospital,,,
7035249224,26.8957806,75.8146733,Soni Hospital,hospital,,,
7035249243,26.8992850,75.8339544,Royal Eye Care and Research Centre,hospital,,,
7035250092,26.8995779,75.8318694,Chawla Hospital and Laparoscopy Centre,hospital,,,
7035250100,26.9013367,75.7390790,Dr Mahendra Orthopaedic Centre,hospital,,,
7035294692,26.9303934,75.8203457,Gangori Hospital,hospital,,,
7035294751,26.9599811,75.7773485,Ganadhipati Purushottam Shekhawati Hospital and Research Center,hospital,,,
7036670276,26.8454675,75.8131608,Girdhar Hospital and Research Centre,hospital,,,
7036728296,26.8895920,75.8037262,Global Advanced Ent Surgery Centre,hospital,,,
7036731239,26.8467981,75.8101729,Ghiya Hospital,hospital,,,
7036733935,26.8502608,75.7695696,Ginni Devi Memorial Hospital,hospital,,,
7036743535,26.9434696,75.8032890,Gupta Hospital,hospital,,,
7036743841,26.8516129,75.7679455,Gupta Hospital and Diagnostic Centre Jaipur,hospital,,,
7036765142,26.9379927,75.8008106,Goyal Hospital; Jaipur,hospital,,,
7036785909,26.9112107,75.7420742,Gupta Child andGenral,hospital,,,
7036787752,26.9431014,75.7600585,Gupta Chest And General Hospital,hospital,,,
7036855302,26.8461836,75.7938087,Durgapura Hospital,hospital,,,
7037297424,26.8535082,75.7898913,Shree Narayan Chikitsalay,hospital,,,
7037332489,26.9429962,75.7505755,Shri Brij Fracture Hospital,hospital,,,
7037356085,26.8475232,75.8270252,Shri Hospital,hospital,,,
7037481103,26.9269572,75.7463547,Marudhar Hospital,hospital,,,
7037488089,26.8927200,75.8242251,Ram Avtar Eye Hospital and Glaucoma Pavilion,hospital,,,
7037513017,26.8470661,75.8274570,Ram Janki Memorial Vijayvergia Hospital,hospital,,,
7037563460,26.8691625,75.7943800,Retina Care Foundation and Eye Hospital,hospital,,,
7037601487,26.9292350,75.7834410,Military hospital Jaipur,hospital,,,
7037606522,26.8970829,75.8233532,Dr.Mamodias Proctology and IRC Centre,hospital,,,9414060257
7037696459,26.8823278,75.7471061,Kshitij Hospital and Medical Research Centre,hospital,,,
7037738561,26.8710868,75.8003439,Krishna Ram Hospital and Research Centre,hospital,,,
7037748710,26.9452139,75.7429527,Krishna Mother and Child Hospital,hospital,,,
7037995243,26.9372945,75.7896405,Diwakar Orthopedic and General Hospital,hospital,,,
7038143732,26.9229847,75.7236005,Rajat Maternity and General Hospital,hospital,,,
7038146063,26.8982742,75.7654470,Dwarka Orthopaedic and Trauma Hospital,hospital,,,
7038167921,26.9012953,75.7702173,Sevayatan Hospital,hospital,,,
7038169412,26.9059822,75.8130455,Kcj Diagnostic and Research Center,hospital,,,
7038265808,26.9080954,75.7908113,Dr Agarwals Eye Hospital,hospital,,,
7038265813,26.8973861,75.7438412,Agarwal Hospital and Fertility Research Centre,hospital,,,
7038293279,26.8598745,75.7565609,Deshbandhu E.N.T. Hospital,hospital,,,
7038417542,26.9699057,75.7446559,Bagree Hospital and Research Centre,hospital,,,
7038417547,26.9098833,75.8023066,Nirmala Hospital and Research Center,hospital,,,
7038464449,26.8972528,75.8260462,Raj Khurana Memorial Hospital,hospital,,,
7038735480,26.8007644,75.8619395,Jeevan Rekha Critical Care and Trauma Hospital,hospital,,,
7038935616,26.9590726,75.7710944,Khetan Hospital,hospital,,,
7038935621,26.9736181,75.7763448,Malpani Multispeciality Hospital,hospital,,,
7038990174,26.9032106,75.8354983,Pragati Orthopaedic and General Hospital,hospital,,,
7039387654,26.8974788,75.7717301,Atulya Hospital,hospital,,,
7039412914,26.8860287,75.7525188,Ayush Hospital,hospital,,,
7039433534,26.8811209,75.7815757,Atal Hospital and Reseach Center,hospital,,,
7039479669,26.9003923,75.8190637,Arya Hospital- Jaipur,hospital,,,
7039491572,26.8916923,75.8398126,Swastik Hospital; Jaipur,hospital,,,
7039514016,26.9136323,75.8127075,Nova Specialty Surgery,hospital,,,
7039515196,26.9243777,75.7892007,Shah Hospital; Jaipur,hospital,,,
7039556018,26.9128574,75.7970139,Sr Kalla Memorial Gastro and General Hospital,hospital,,,
7039567318,26.9139408,75.7984489,Dhuleshwar Hospital and Laser Skin Centre,hospital,,,
7039702397,26.9144575,75.7962348,Vivekanand Hospital and Fertility Centre,hospital,,,
7039952681,26.8580260,75.7572716,Dhanvantari Hospital;Jaipur,hospital,,,
7039981955,26.9715839,75.7708263,Pink City Heart and General Hospital,hospital,,,
7039989682,26.8042285,75.8093964,Prakash Mother and Child Hospital,hospital,,,
7039990476,26.8959216,75.8198114,Sahai Hospital and Research Centre,hospital,,,
7039998078,26.8575020,75.8131421,Agrasen Orthopaedic Hospital,hospital,,,
7040013480,26.8546041,75.8248325,Agrawal Hospital,hospital,,,
7040017904,26.8862070,75.7649790,Agrasen Hospital,hospital,,,
7040020566,26.8521418,75.8103311,Advanced Neurology and Superspeciality Hospital,hospital,,,
7040026262,26.8972534,75.7392506,Aditi General and Eye Hospital,hospital,,,
7040044511,26.8477082,75.7698276,Mansarovar Hospital,hospital,,,
7040045984,26.8902546,75.7993931,Aditya Hospital; Jaipur,hospital,,,
7040058512,26.8785299,75.7667412,Swasthya Mangalam Family Health Centre,hospital,,,
7040062370,26.9057163,75.7493268,Aarogya Hospital; Jaipur,hospital,,,
7040078410,26.9026778,75.7394618,Adarsh Hospital; Jaipur,hospital,,,
7040100239,26.8589843,75.7696433,Tagore Hospital and Research Institute,hospital,,,
7040101983,26.8990259,75.7793590,Pooja Hospital and Medical Research Centre,hospital,,,
7040112693,26.9754061,75.7651426,Narmada Hospital and Diagnostic Centre,hospital,,,
7040112723,26.8630701,75.8055353,Bhagwan Mahaveer Cancer Hospital and Research Center,hospital,,,
7040112739,26.9298780,75.8011875,Meera Hospital; Jaipur,hospital,,,
7040112750,26.9365640,75.7563302,Deep Hospital and Research Centre,hospital,,,
7040112760,26.8662829,75.7643916,Chirag Hospital,hospital,,,
7040117130,26.8471475,75.8087178,Solomon Hospital,hospital,,,
7040117143,26.9359662,75.7957385,Maharshi Child Hospital,hospital,,,
7040129019,26.8979859,75.7679924,Manu Hospital and Research Center,hospital,,,
7040134143,26.9469485,75.7971400,Sonkhiya Hospital,hospital,,,
7040142166,26.9288610,75.7972808,Satellite Hospital; Jaipur,hospital,,,
7040143007,26.8823601,75.7991289,Rajasthan Hopsital and Gastroenology Centre,hospital,,,
7040146307,26.8830108,75.7929209,Sun Hospital,hospital,,,
7040147102,26.8932090,75.7630987,Bansal Hospital;Jaipur,hospital,,,
7040171028,26.8794587,75.7739865,Somani Hospital,hospital,,,
7040172653,26.9212879,75.7412669,Metro Hospital and Research Centre,hospital,,,
7040178950,26.8798062,75.7574882,Siddham E N T Center,hospital,,,
7040181512,26.8511271,75.8070253,Eye Surgery and Laser Centre,hospital,,,
7040185404,26.8472755,75.7756864,G M R C Hospital,hospital,,,
7040185975,26.8444073,75.7739791,Liberty Hospital; Jaipur,hospital,,,
7040206604,26.9024888,75.7763958,Swaroop Hospital,hospital,,,
7040217320,26.8941293,75.7708476,Dr. Goyal's Path Lab and Imaging Centre,hospital,,,
7040281162,26.9457016,75.8421032,Pawan Hospital Pvt. Ltd. ; Jaipur,hospital,,,
7040301742,26.8504637,75.7729371,Dr Naresh Goyal Orthopadic Hospital,hospital,,,
7040325916,26.8025515,75.8086145,Star Women and General Hospital,hospital,,,
7040336692,26.8810467,75.8007932,Dr. Virendra Laser and Phaco Surgery Centre - Jaipur,hospital,,,
7040342448,26.9476694,75.8520998,Mendiratta Hospital,hospital,,,
7040383878,26.9778323,75.7729612,Om Ent Hospital,hospital,,,
7040387295,26.9318006,75.7930020,Dr Sardar Singh Memorial Hospital(Managed By M/S Kamal Clinic and Nursing Home),hospital,,,
7040396604,26.9026061,75.7708114,Kabra Eye Hospital,hospital,,,
7040396609,26.8863068,75.7681916,Jee Hospital and Research Centre,hospital,,,
7040401357,26.9390102,75.7809287,Dr.Chauhan Orthopadic centre,hospital,,,
7040424595,26.8860078,75.7655959,Neha Maternity and Ent Hospital,hospital,,,
7040431728,26.9086862,75.7388422,Max Vision Eye Care Centre,hospital,,,
7040432235,26.9344657,75.7975852,Dr Atuls Child Hospital,hospital,,,
7040445632,26.8924184,75.7791491,Chandra Bhan Hospital,hospital,,,
7040459777,26.8679919,75.7683358,Metro Mas Heart Care and Miltispeciality Hospital,hospital,,,
7040460937,26.8670480,75.7666688,Puru Eye Hospital and Phaco Surgery Centre,hospital,,,
7040488133,26.9143851,75.8241183,Mahila Chikitsalya,hospital,,,
7040497136,26.8564198,75.7671140,Misra Eye Hospital,hospital,,,
7040514654,26.9541386,75.7699947,Balaji Hospital and Orthopaedic,hospital,,,
7040552833,26.9212045,75.7422278,Thar Hospital Pvt. Ltd.,hospital,,,
7040571420,26.8650943,75.8007684,Nalini Hospital,hospital,,,
7040591725,26.8873870,75.7925528,Bansal Hospital and Research Center,hospital,,,
7040598132,26.8967008,75.7520065,Deenbandhu Hospital,hospital,,,
7040614880,26.8669499,75.7819151,D. C. Hospital,hospital,,,
7040985055,26.9342445,75.7985401,Dugra Devi Memorial Hospital,hospital,,,
7041224033,26.8967564,75.7331235,Karni Vihar Police Station Jaipur,police,,,
7041264656,26.8931734,75.7393253,Chanakya,restaurant,,,
7041300286,26.9932521,75.8753694,,restaurant,,,
7041677429,26.8968558,75.7519657,Sankalp,restaurant,,,
7042738773,26.8436989,75.7945731,Cocoon Hospital,hospital,,,
7042855467,26.8816311,75.8050870,Tb Hospital,hospital,,,
7042863527,26.8648838,75.7591787,Priti Maternity and General Hospital,hospital,,,
7042863528,26.9322525,75.7918172,Dr. Panicker's Sanjeevani Hospital Pvt. Ltd.,hospital,,,
7042869534,26.9372802,75.7957010,T.B. Cenetorium,hospital,,,
7042872239,26.8695507,75.7732750,Lifecare Hospital; Jaipur,hospital,,,
7042872255,26.9354300,75.7980855,Dr.M.R.Grewal Memorial Hospital,hospital,,,
7042947566,26.8456402,75.7701077,Tarani General Hospital,hospital,,,
7043371087,26.9377151,75.7854078,MK Filling Station - Bharat petroleum,fuel,,,
7043371092,26.9393253,75.7809441,Indian Oil,fuel,,,
7043371160,26.9162526,75.7866588,Railway Hospital,hospital,,,
7043495385,26.9295690,75.7886838,,restaurant,,,
7046290870,26.8994490,75.7929487,Virasat Heritage Restaurant,restaurant,,,
7049461143,26.9450782,75.7352074,MAXX Hospital,hospital,,,
7066187930,26.8350250,75.8335582,Medical store,pharmacy,,,
7084199742,26.9011834,75.7342422,Chai Chaskaa,cafe,,,
7084199743,26.9011858,75.7363862,Kullad - The Teafe',cafe,,,
7084199746,26.9016025,75.7358029,Shree Radhe,restaurant,,,
7084199747,26.9004765,75.7364033,Tempties,cafe,,,
7084199748,26.9002805,75.7363985,Cafe 48,cafe,,,
7084199767,26.9017683,75.7368578,North West Corner,restaurant,,,+9186967 77333
7085547080,26.9024354,75.7742514,Agrawal Traders,,convenience,,
7085549777,26.9209197,75.7533318,The Royal Ship,restaurant,,,
7085549985,26.9238925,75.7455491,Reliance Fresh,,supermarket,,
7085550072,26.8969771,75.7390024,Easy day,,convenience,,
7085550075,26.8987716,75.7387686,Kebabs & Curries Company,restaurant,,,
7085550081,26.8991232,75.7385392,Kesar Kanha,restaurant,,,
7085615368,26.9055601,75.7391528,Vishal Medical & General Stores,pharmacy,,,
7085615369,26.9056650,75.7388702,Global hospital,pharmacy,,,
7086493586,26.9289947,75.8252613,map Acres,restaurant,,,+91 99299 49258
7113996999,26.8978764,75.8150251,,restaurant,,,
7159785285,26.9210710,75.8221430,Samrat street food,restaurant,,,
7160138285,26.9898771,75.8537705,Chokha amer,restaurant,,,
7190468085,26.9113009,75.8017201,Molly Moo,cafe,,,
7232291585,26.9132795,75.7940823,Charis cafe,cafe,,Mo-Su 09:00-21:00,+9190251 55906
7244931985,26.9236218,75.8158119,Local market,,convenience,,
7248042885,26.9053514,75.7949791,,restaurant,,,
7250139186,26.9266184,75.8269278,Blue door Cafe  ; Jaipur,restaurant,,Su;Sa;Fr;Th;Tu-We;Mo 09:30-22:00,+91 97841 04113
7279062506,26.9606270,75.8428900,Air Force Hospital ;Jaipur,hospital,,,
7279062516,26.9899420,75.8556700,Government Hospital; Amer,hospital,,,
7279062535,26.9379473,75.7948581,TB Hospital,hospital,,,
7279062612,26.9286780,75.7972582,Government Satellite Hospital; Banipark  ; Jaipur,hospital,,,
7279102584,26.9078930,75.7833740,Government Homeopathic Centre,hospital,,,
7279102587,26.9031080,75.8382140,Government Hospital,hospital,,,
7684763326,26.8487827,75.7691477,The Hungry Owl,cafe,,Mo-Su 17:00-05:00,
7694995577,26.9904820,75.8544970,Krishna Hospital,hospital,,,
7694995578,26.9685350,75.9049010,Sunil Hospital,hospital,,,
7694995580,26.9806505,75.9249225,MPS Hospital,hospital,,,
7694995594,26.9719601,75.9222405,Jai Durga Hospital and Research Centre,hospital,,,
7694995598,26.8008059,75.7723540,Advance Hospital,hospital,,,
7694995599,26.9544770,75.8843110,Singodiya Hospital,hospital,,,
7694995609,26.9800871,75.9247754,Vinayak Hospital,hospital,,,
7694995614,26.9091383,75.8950179,Kanchan Hospital,hospital,,,
7694995624,26.8768382,75.8949215,D. H. Hospital,hospital,,,
7694995625,26.8750320,75.9445430,Shivam General Hospital,hospital,,,
7694995635,26.9679080,75.8917290,Paiker Hospital,hospital,,,
7694995636,26.9824438,75.9251466,Sharma Nursing Home,hospital,,,
7694995640,26.8786673,75.9036918,Dr. Kailash Chand Aloria,hospital,,,
7694995658,26.8812624,75.9071270,D R M Hospital,hospital,,,
7694995667,26.9891507,75.8537170,Krishna Hospital,hospital,,,
7695122979,26.8586470,75.7204170,Swastik Hospital and Research Centre,hospital,,,
7695122983,26.8353154,75.8243957,Trilok Nursing Home,hospital,,,
7695122986,26.8051181,75.8322375,Om Sai Hospital,hospital,,,
7695122992,26.8242631,75.7779360,Madhu Hospital,hospital,,,
7695122995,26.8049023,75.8117020,Vishwanath Hospital,hospital,,,
7695122998,26.8031836,75.8555926,Ramanji Hospital,hospital,,,
7695123003,26.8219941,75.7506913,Jindal Hospital,hospital,,,
7695123004,26.8060065,75.8457503,Harmony National Homeopathy Hospital,hospital,,,
7695123007,26.8152312,75.7814906,Amrit Hospital,hospital,,,
7695123022,26.8179341,75.7482418,Shree Adinath Hospital,hospital,,,
7695123025,26.8049589,75.8062208,Siddhi Vinayak ENT Hospital,hospital,,,
7695123026,26.8210575,75.7592474,Ansh Hospital,hospital,,,
7695123029,26.8410262,75.7399393,Dr. Ramesh Memorial Hospital,hospital,,,
7695123037,26.8128864,75.7828050,Medilite Hospital,hospital,,,
7695123039,26.8550610,75.8225840,Baheti Hospital,hospital,,,
7695123040,26.8248986,75.8474328,Jaipur Eye and Dental Hospital,hospital,,,
7695123046,26.8017121,75.8226299,Balaji ENT Hospital,hospital,,,
7695123048,26.8117380,75.7798000,Agarwal Hospital and Maternity Centre,hospital,,,
7695123049,26.8097423,75.8672891,Bhagwati Ayurveda & Panchkarma Research Centre,hospital,,,
7695123051,26.8028860,75.8660880,SG Hospital,hospital,,,
7695123054,26.8167712,75.7822481,Pardaya Memorial Trust Hospital,hospital,,,
7695123061,26.8026132,75.8037184,Mathur Mahila and General Hospital,hospital,,,
7695123064,26.8050352,75.8233611,The Urmil Chest & General Hospital,hospital,,,
7698135281,26.8524159,75.7948691,Chandra Hospital,hospital,,,
7698135288,26.8773898,75.7501535,Utkarsh Hospital,hospital,,,
7698135292,26.8911213,75.7353006,M.B.M Children and General Hospital,hospital,,,
7698135297,26.8833100,75.7159196,Daksh Hospital,hospital,,,
7698135301,26.8573540,75.7950040,Jaipur Hospital,hospital,,,
7698135302,26.8804078,75.7453399,Kshitij Hospital,hospital,,,
7698135304,26.8534487,75.7898902,Prasoon Hospital,hospital,,,
7698135307,26.8855662,75.7451024,Jain Fertility & Mother Care,hospital,,,
7698135308,26.8858605,75.7658158,Chanda Devi Memorial Hospital,hospital,,,
7698135309,26.8898811,75.7380334,Vedanta Superspeciality Hospital,hospital,,,
7698135311,26.8850757,75.7670814,Jaipur Doorbeen Hospital,hospital,,,
7698135314,26.8672156,75.7846212,Royal Hospital,hospital,,,
7698135319,26.8780554,75.7414518,Shubhayush Hospital,hospital,,,
7698135321,26.8847700,75.7523577,R N Multispeciality Hospital,hospital,,,
7698135333,26.8824115,75.7151396,Gauri Multi Speciality Hospital,hospital,,,
7698135334,26.8699321,75.7784824,Government Hospital,hospital,,,
7698135335,26.9033590,75.7153746,Neelam Hospital,hospital,,,
7698135336,26.8721070,75.8001630,Yadav Homeopathic Hospital,hospital,,,
7698135340,26.8765134,75.7254235,Abhishek Hospital,hospital,,,
7698135342,26.8942626,75.7642069,Dwarka Hospital,hospital,,,
7698135348,26.8945267,75.7474503,Rohit Hospital,hospital,,,
7698135353,26.8944136,75.7454119,Purva Hospital,hospital,,,
7698135359,26.8988402,75.7507882,Kothari Hospital,hospital,,,
7698135363,26.8895235,75.7113925,Gouri Multi-speciality Hospital,hospital,,,
7698135371,26.8501473,75.7962052,Aanch Hospital,hospital,,,
7698135375,26.8491264,75.7933978,Jaipur Hospital,hospital,,,
7698135377,26.8548043,75.7934423,Sethi Hospital,hospital,,,
7698135384,26.8977110,75.7424530,Shishumangal Hospital,hospital,,,
7698409950,26.9472587,75.7201811,Yuvaan Child and General Hospital,hospital,,,
7698409957,26.8887859,75.7983179,Lal Kothi Hospital,hospital,,,
7698409958,26.8909671,75.8021812,Anupam Eye Hospital,hospital,,,
7698409959,26.9217740,75.7454660,Usha Hospital,hospital,,,
7698409963,26.9541140,75.7083270,Param Brahm Anand Hospital,hospital,,,
7698409966,26.9058520,75.7375382,Jeevan Joyti Hospital,hospital,,,
7698409969,26.9139104,75.7461785,BB Saxena Hospital,hospital,,,
7698409977,26.9115351,75.7223961,Arpit Hospital,hospital,,,
7698409978,26.9214200,75.7246660,Shree K B M Hospital,hospital,,,
7698409979,26.9406476,75.7470396,Shri Ramniwas Memorial Hospital & Allergy Centre,hospital,,,
7698409980,26.8850429,75.7851221,Metrocity Hospital,hospital,,,
7698409984,26.8850899,75.7847800,Kartarpura General Dental Hospital,hospital,,,
7698409986,26.9184598,75.7502987,SMS Hospital,hospital,,,
7698409990,26.9092879,75.7706864,Ayurvedic Hospital,hospital,,,
7698409994,26.8887114,75.8080238,KKS Urology and General Hospital,hospital,,,
7698410001,26.8854969,75.7988001,rajasthan police headquaters,police,,,
7698410002,26.9537161,75.7082011,Rishab Hospital,hospital,,,
7698410011,26.8897766,75.7850938,Vyom Hospital,hospital,,,
7698410012,26.9479719,75.7125358,Janana Hospital,hospital,,,
7698410016,26.9563938,75.7095831,Janni Nursing Home,hospital,,,
7698410020,26.9434119,75.7543486,Sahara Child Hospital,hospital,,,
7698410021,26.8969029,75.7844160,Shaurya Hospital,hospital,,,
7698410023,26.9046290,75.7355438,Naveen Fracture and General Hospital,hospital,,,
7698410031,26.8896880,75.7920660,Sethi Mother and Children Hospital,hospital,,,
7698410038,26.9165013,75.7470773,Unique Hospital,hospital,,,
7698410040,26.9249981,75.7428092,Aarti Zenana Hospital,hospital,,,
7698410046,26.9365053,75.7561091,Shobha Nursing Home,hospital,,,
7698410050,26.9115030,75.7366440,Krishiv Multi Speciality Hospital,hospital,,,
7698410052,26.9256963,75.7131999,Chowan Hospital,hospital,,,
7698410053,26.9116396,75.7310945,Vaishali Hospital,hospital,,,
7698410057,26.8812378,75.7916861,Purohit Eye Hospital,hospital,,,
7698486517,26.9466240,75.7776180,Pandia Eye Dental and General Hospital,hospital,,,
7698486519,26.9558940,75.7766020,Neuro Care Hospital,hospital,,,
7698486521,26.9621289,75.7807483,Mittal Hospital and Research Centre,hospital,,,
7698486522,26.9549152,75.7709805,Poddar Hospital,hospital,,,
7698486525,26.9746600,75.7646885,Shiva Hospital,hospital,,,
7698486531,26.9806352,75.7613544,SMS Hospital,hospital,,,
7698486532,26.9360211,75.7884758,Lekhra Hospital,hospital,,,
7698486537,26.9170977,75.7952368,Triveni Hospital,hospital,,,
7698486543,26.9687921,75.7665041,Shri Narayan Hospital,hospital,,,
7698486547,26.9550930,75.7722120,Prerna Hospital,hospital,,,
7698486548,26.9512976,75.7711862,Salasar Child Hospital,hospital,,,
7698486549,26.9343462,75.7904621,Raisinghani Hospital,hospital,,,
7698486551,26.9693183,75.7630561,Om Mother and Child Hospital,hospital,,,
7698486560,26.9618530,75.7628840,Tiwari Child and Dental Hospital,hospital,,,
7698486561,26.9825607,75.7640897,Jaipur Day Care Hospital,hospital,,,
7698486572,26.9765009,75.7621427,Vyas Hospital,hospital,,,
7698486573,26.9497492,75.7991308,Dr. Johar's Ayush Unani Hospital,hospital,,,
7698486576,26.9679172,75.7661996,Shree Balaji Hospital,hospital,,,
7698486577,26.9731074,75.7650478,Suraksha Hospital,hospital,,,
7698486580,26.9470587,75.7788512,V.N.S. Homoeopathy Hospital,hospital,,,
7698486581,26.9769029,75.7644200,Pooja Hospital,hospital,,,
7698486582,26.9551346,75.7718889,Neelam Eye Hospital,hospital,,,
7698486583,26.9366080,75.7899240,Soni Nursing Home,hospital,,,
7698578012,26.8995994,75.8245468,Mahaveer Charitable Hospital,hospital,,,
7698578014,26.9149660,75.8095440,ASG Eye Hospital,hospital,,,
7698578015,26.9134146,75.8286492,Sagar Hospital,hospital,,,
7698578021,26.9242190,75.8356000,Rama Hospital,hospital,,,
7698578022,26.9251063,75.8112535,Pink City Fracture & General Hospital,hospital,,,
7698578023,26.9020539,75.8261836,Health Aid Hospital,hospital,,,
7698578024,26.9151062,75.8268970,Akhila Hospital,hospital,,,
7698578026,26.9035633,75.8222385,Child Care Hospital,hospital,,,
7698578027,26.9025327,75.8211928,MDM Hospital,hospital,,,
7698578030,26.9010260,75.8257430,Mahaveer Jain Hospital,hospital,,,
7698578032,26.9254445,75.8102949,New life Hospital,hospital,,,
7698578045,26.8921005,75.8189267,Vijay Hospital,hospital,,,
7698578050,26.8988531,75.8339104,Mangalam Hospital,hospital,,,
7698578055,26.8958902,75.8203134,Sahai Hospital,hospital,,,
7698578056,26.9229133,75.8089218,Mahesh Hospital,hospital,,,
7698578057,26.8990777,75.8243770,Suraj Hospial,hospital,,,
7698578065,26.9077102,75.8299074,Health Line Hospital,hospital,,,
7698578066,26.9186623,75.8214178,Goyal Hospital,hospital,,,
7698578067,26.9272446,75.8192320,Solanki Hospital,hospital,,,
7698578071,26.9185800,75.8311973,Alok Nursing Home & Fracture Clinic,hospital,,,
7698578072,26.9193316,75.8309094,Falor Eye and Phaco Surgery Centre,hospital,,,
7698578078,26.8935766,75.8125166,Santokba Durlabhji Memorial Hospital,hospital,,,
7698578080,26.9124912,75.8246404,M.D. Hospital,hospital,,,
7698578086,26.8915481,75.8265711,Adinath ENT & General Hospital,hospital,,,
7698578092,26.9464166,75.8481731,Jalmahal Hospital,hospital,,,
7698578107,26.9200507,75.8217693,Bhiwani Eye Hospital,hospital,,,
7698578108,26.9192023,75.8167578,Jai Hospital & Research Centre,hospital,,,
7969344386,26.8436065,75.8024609,Sri Motu Ram Prasadam,restaurant,,,
8043763874,26.8097868,75.8090785,Pratap Nagar Sector 6 Dispensary,hospital,,,
8043798023,26.9290701,75.8324821,Police Station Subhash Chowk ; Jaipur,police,,,
8045056007,26.9413387,75.7706274,DMart,,supermarket,,
8068694159,26.8593503,75.8083773,Cafe Coffee Day,cafe,,,
8083911703,26.9023845,75.7866415,KK Medicos,pharmacy,,,
8084157086,26.9016256,75.7849972,Cafe Coffee Day,cafe,,,
8090275227,26.8964740,75.7388954,Chitrakoot Medical,pharmacy,,,
8119003843,26.9091075,75.7384620,Coffee Break,cafe,,Mo-Su 10:30-23:00,+916376615428
8124683557,26.8926071,75.8670860,Indian Oil,fuel,,,
8125607613,26.9031000,75.8365725,Cafe Coffee Day,cafe,,,
8125618823,26.9032441,75.8368135,Big Bazaar,,supermarket,,
8125618832,26.9024266,75.8348836,Police Station Adarsh Nagar,police,,,
8125619141,26.9062009,75.8426994,Indian Oil,fuel,,,
8137399270,26.9075297,75.8150630,,cafe,,,
8137399290,26.9013887,75.8440142,,fuel,,,
8140727832,26.9114999,75.7458821,Easyday Club,,supermarket,,
8140978704,26.9102046,75.7434242,Dengri's - The Restro Lounge,restaurant,,,
8142087717,26.9669665,75.7212422,Bharat Petroleum,fuel,,,
8167940763,26.9115355,75.7850152,Bharat Petroleum,fuel,,,
8199431307,26.8976113,75.8606938,,fuel,,,
8263161793,26.8801710,75.9097831,JK Furniture Plywood&Hardwere,,supermarket,Mo-Su 08:00-19:00,+91707364707
8379213954,26.8613782,75.7735375,Coffee America,cafe,,Mo-Su 10:00-23:00,+917737034113
8479401770,26.8885259,75.8377772,Enviornment and wildlife care society,hospital,,,
8624888435,26.9194619,75.8216071,Mehta Pustak Bhandar,restaurant,books,,
8624888436,26.9061335,75.8221650,Black Pizza,restaurant,,,
8665176577,26.9170800,75.8006737,,fuel,,,
8883763422,26.8032504,75.8598257,Bharat Petrol Pump,fuel,,,
8887611105,26.8465067,75.8940019,bablu tea stall,cafe,,,
8887645034,26.8414227,75.8922946,omji tea stole,cafe,,,
8887995501,26.8413945,75.8919855,braj tea stall,cafe,,,
8900651448,26.8358975,75.8769066,banavari thadi,cafe,,,
8903968898,26.9035157,75.7530934,Tan-Sukh,restaurant,,,
8916826950,26.8347991,75.8582476,Tirupati Sanjeevani Hospital,hospital,,,
8980299491,26.8293278,75.7536416,HP,fuel,,,
9022607657,26.8445554,75.8012169,Trendswheel,,supermarket,Mo-Su 09:00-21:00,
9249525420,26.9108631,75.7952607,Starbucks,cafe,,Mo-Su 09:00-22:00,
9495760718,26.8997890,75.7929507,Café BAE,cafe,,Mo-Su 09:00-22:30,
9501894309,26.8028728,75.8739726,D Mart,,convenience,Mo-Su 09:00-22:00; PH open,
9533049444,26.9544709,75.7754590,Shop N Save Departmental Store,,supermarket,,
10013086817,26.9053547,75.7946760,,cafe,,,
10013473818,26.9109569,75.8056670,thali and more,restaurant,,,
10015685917,26.9103022,75.8035336,,cafe,,,
10015695217,26.9154568,75.8015928,,restaurant,,,
10020311919,26.8512734,75.8104302,,cafe,,Mo-Su 10:00-22:00,
10075161117,26.9170949,75.8192314,,cafe,,,
10240017409,26.9914732,75.8669355,,restaurant,,Mo-Su 09:00-22:00,+91 8076135082
10259447809,26.9280901,75.7970653,Vinay Restaurant,restaurant,,We-Mo 12:30-23:30,
10554368725,26.8819620,75.7974672,Terrazzo,restaurant,,,
10554368726,26.8824325,75.7971060,Talk Of The Town; Lal Kothi,restaurant,,,
10554368728,26.8819484,75.7975186,The Khopcha Cafe,cafe,,,
10554368729,26.8776453,75.7996764,Bajaj Nagar Police Station,police,,,
10561385109,26.9221585,75.8300509,Kabul Chicken Sajji,restaurant,,,
10574350310,26.9223163,75.8224376,,restaurant,,,
10685151323,26.9792583,75.7692136,Shri Shyam Hospital,hospital,,,+91-7413966513
10685211660,26.9792517,75.7691704,S S Hospital,hospital,,,+91-7413966513
10744673403,26.9854069,75.8495623,Café coffee day,cafe,,,
10745129341,26.9274262,75.7908643,Rajastani Thali Dal Baati Churma,restaurant,,11:00-23:00,085295 58481
10899269954,26.8860135,75.8036761,The Warehouse Cafe,cafe,,Mo-Su 10:00-20:00,
10899269972,26.8815478,75.8042117,Mahila Thana East Gandhinagar,police,,,
10904661341,26.9157900,75.8101200,the doors restaurant,restaurant,,,
10904661667,26.9160713,75.8015668,matti indian cafe house,cafe,,,
10904668786,26.9151658,75.8099241,,cafe,,,
10904677033,26.8495456,75.8263210,DMart,,supermarket,,
10904677037,26.8265338,75.8492276,Punjab Rasoi Restaurant,restaurant,,,
10904677048,26.8302623,75.8495723,Chai Aashram,cafe,,,
10904687646,26.8282916,75.8445430,Let's Brew Coffee,cafe,,,
10904687647,26.8283365,75.8445068,Garrison cafe,cafe,,,
10904714951,26.9119686,75.8121705,city mart,,supermarket,,
10917746182,26.8685465,75.7969727,Roseberry,restaurant,,Mo-Su 12:30 - 23:30,+91 78921022278
10936787897,26.9167126,75.8048644,HP,fuel,,,
10936795789,26.9321131,75.8324460,,fuel,,,
10936810154,26.9314400,75.8321956,,fuel,,,
10936813194,26.9136157,75.8310726,Indian Oil,fuel,,,
10936829402,26.9130655,75.8344291,,fuel,,,
10959797692,26.9531851,75.7027962,LUCKY NON VEG RESTRAUNT,restaurant,,,
10959824963,26.9478421,75.7232867,NR MART,,supermarket,,
10960889865,26.9726124,75.7675594,kgn cafe,cafe,,,
10960889892,26.9695114,75.7630294,CHAT KA CHAURAHA,cafe,,,
10960889893,26.9707070,75.7718241,PARASRAMPURIA MART,,supermarket,,
10960889895,26.9416428,75.7708275,DMart,,supermarket,,
10960889900,26.9700273,75.7610783,Reliance Fresh,,supermarket,,
10960893907,26.9704518,75.7606957,roof top cafe,cafe,,,
10960893909,26.9705699,75.7626812,glorious restaurent,restaurant,,,
10969317262,26.8996580,75.8590105,,restaurant,,,
11082457256,26.8406321,75.7739393,Jaipur Chaupati,restaurant,,,
11100921705,26.9369262,75.8322312,,restaurant,,Mo-Su 07:00-22:00,+919116111146
11162418128,26.9073957,75.7954528,Half Light Coffee Roasters,cafe,,08:00-22:00,+919602602849
11185475306,26.9022301,75.7125581,Daisy and Jade Jaipur,cafe,,Mo-Su 12:00-23:00,‎+91 92162 99342
11260402237,26.9073874,75.7954138,,cafe,,Su-Sa 08:00-22:00,9602602849
11425726510,26.8416823,75.7700540,BTS Burger To Shakei,cafe,,Tu-Su 10:00-23:50,+91-7880778806
11496566023,26.9361784,75.8348424,The Curry Spoon,restaurant,,,
11527985769,26.9113223,75.8196136,,cafe,,,
11533709369,26.9239758,75.8155246,,cafe,,,
11556672755,26.9162948,75.8114780,Niros,restaurant,,,
11586819554,26.8959825,75.8093318,HP,fuel,,,
11590666267,26.9361625,75.7921790,HP,fuel,,,
11590790757,26.9341212,75.7954262,Indian Oil,fuel,,,
11609578469,26.9175489,75.8169087,Кафе,cafe,,Mo-Su 09:00-22:00,
11612831335,26.8708846,75.8853936,Indian Oil Petrol Pump,fuel,,,
11618585924,26.9051939,75.7358084,new chinar,,supermarket,Mo-Su 10:00-22:00,7042450091
11675485295,26.9575590,75.7050947,Shubham Kirana and General Store,,supermarket,,
11675485296,26.9578040,75.7046816,Anup Kirana And General Store,,supermarket,,
11690525027,26.9587845,75.7041211,Krishna Paradise,restaurant,,,
11690590465,26.9513819,75.7021679,Jaipur Jayka,,convenience,,
11690597282,26.9517530,75.7020828,Salasar Misthan Bhandar,,convenience,,
11690607320,26.9555824,75.7093703,DMart,,supermarket,,
11691505855,26.8858589,75.7848794,,,convenience,,
11691511808,26.8843480,75.7843246,,,convenience,,
11691562993,26.8851533,75.7847666,,hospital,,,
11691564010,26.8850236,75.7847113,,pharmacy,,,
11691621094,26.8809693,75.7836434,,,convenience,,
11693090731,26.9226330,75.8278390,tattoo cafe,cafe,,,
11693091362,26.9226400,75.8278180,vind view cafe,cafe,,,
11696972167,26.9503596,75.7095001,Bharat Petroleum,fuel,,,
11696983714,26.9535270,75.7119204,Kardhani Police Station,police,,,
11697024064,26.9527025,75.7000583,Kanha Restraunt,restaurant,,,
11697030632,26.9561705,75.7090258,TEA TIME CAFE,cafe,,,
11697053363,26.9549117,75.7031055,Rajdhani Cafe,cafe,,,
11697502864,26.9559341,75.7034694,Shree Ram Medical Store,pharmacy,,,
11697513954,26.9517456,75.7023120,Ganpati Medical and Provision Store,pharmacy,,,
11725249801,26.9196741,75.7886132,Dawa Dost,pharmacy,,,
11725249803,26.9205900,75.7888677,Roop Basant Pavitra Bhojanalaya,restaurant,,24/7,
11725249804,26.9205952,75.7888436,Khandelwal,restaurant,,,
11747571769,26.9027002,75.7903837,,fuel,,,
11747573469,26.9035483,75.7887016,,fuel,,,
11760727012,26.9021987,75.7726597,Laxmi,cafe,,,
11762982185,26.8359403,75.7934040,HP,fuel,,,
11763619972,26.8892423,75.8043641,Bharat Petroleum,fuel,,,
11763678169,26.9238475,75.8240110,NOTHING BEFORE COFFEE,cafe,,,
11764154269,26.9148703,75.8047591,Annpoornam,restaurant,,,
11765326527,26.9473925,75.7265032,Indian Oil,fuel,,,
11765686547,26.9017025,75.7825909,Indian Oil,fuel,,,
11765964116,26.8988076,75.7935498,Indian Oil,fuel,,,
11770998868,26.9726263,75.7727276,Indian Oil,fuel,,,
11773201162,26.8173467,75.8632763,Bharat Petroleum,fuel,,,
11919671025,26.8359784,75.8534224,HP,fuel,,,
11968824969,26.9571952,75.7415034,JS Memorial Hospital & Research Center,hospital,,,
12117596629,26.9565300,75.7412095,Shree Laxmi Jodhpur Sweets,restaurant,,,
12117598058,26.9559459,75.7429271,Bharat Petroleum,fuel,,,
12133985361,26.9054769,75.7481873,Physio Healer,hospital,,,
12358211503,26.9247973,75.7899824,Shree Sanwariya Sarkar,restaurant,,,
12358211504,26.9248809,75.7901504,medkart,pharmacy,,,
12358211703,26.9246930,75.7906604,Shri Shyam Pavitra Bhojnalaya,restaurant,,,
12358212002,26.9244798,75.7905539,Anjani,restaurant,,,
12361057202,26.9295695,75.7967760,Somani Mediserve,pharmacy,,,
12361795401,26.9344284,75.7948812,Maxwell,hospital,,,
12361795404,26.9241837,75.8203002,chai,cafe,,,
12361795407,26.9280080,75.8283941,Kebabs and Curries Company Family Restaurant,restaurant,,,
12361795417,26.9256027,75.7910741,Fresh Bites,restaurant,,,
12361795503,26.9248476,75.8167048,,restaurant,,,
12361795505,26.9264938,75.8277160,Crazy mood Coffee,cafe,,,
12361795506,26.9179347,75.7903436,Krishna Bhojnalya,restaurant,,,
12361795507,26.9261497,75.7906121,,pharmacy,,,
12361795509,26.9301176,75.7907964,Shri Purnanand Store,,convenience,,
12361796103,26.9249850,75.7905473,,restaurant,,,
12361796202,26.9177934,75.7904291,Atithi,restaurant,,,
12361796203,26.9215478,75.7900794,,restaurant,,,
12361796208,26.9243215,75.7905938,,pharmacy,,,
12361796302,26.9215409,75.7899902,,restaurant,,,
12361796303,26.9216327,75.7899951,,restaurant,,,
12361796306,26.9286951,75.7891802,Kebabs and Curries Company,restaurant,,,
12365223403,26.9335196,75.8079376,,pharmacy,,,
12365223408,26.9325229,75.8039255,,pharmacy,,,
12365223602,26.9321609,75.8103480,,pharmacy,,,
12365223801,26.9330204,75.8073216,,pharmacy,,,
12365223802,26.9325276,75.8051602,,restaurant,,,
12365224001,26.9320583,75.8059259,,restaurant,,,
12365224401,26.9321653,75.8054988,,pharmacy,,,
12365224502,26.9335828,75.8043705,,pharmacy,,,
12365225001,26.9332474,75.8045387,fried chicken,restaurant,,,
12365225002,26.9318209,75.8034550,,pharmacy,,,
12367918013,26.9258601,75.8070296,,pharmacy,,,
12367918014,26.9257982,75.8069498,,pharmacy,,,
12367921602,26.9228362,75.7999201,Rajasthan Craft Plaza Family Restaurant,restaurant,,,
12367921608,26.9259090,75.8071047,,pharmacy,,,
12367921609,26.9257007,75.8068303,,pharmacy,,,
12367921804,26.9257561,75.8068894,,pharmacy,,,
12369816604,26.9228991,75.7881135,J. K,restaurant,,,
12369816605,26.9219570,75.7874144,,restaurant,,,
12369816607,26.9205860,75.7889612,,restaurant,,,
12369816608,26.9217340,75.7899982,,restaurant,,,
12369822801,26.9232995,75.7884320,,pharmacy,,,
12369822803,26.9227264,75.7879904,,restaurant,,,
12369822805,26.9205585,75.7894701,,restaurant,,,
12369822806,26.9216858,75.7899975,,restaurant,,,
12369822902,26.9215132,75.7874640,,restaurant,,,
12369823002,26.9205665,75.7895717,,restaurant,,,
12369823004,26.9202667,75.7897862,,restaurant,,,
12373658125,26.9164407,75.8612012,,restaurant,,,
12373714202,26.9257211,75.8078159,,restaurant,,,
12373714204,26.9228662,75.8013105,Rajasthani Thali,restaurant,,,
12373714205,26.9225559,75.7991003,Thali House,restaurant,,,
12376556603,26.9222337,75.7982649,,restaurant,,,
12376556607,26.9219071,75.8005342,,pharmacy,,,
12376556608,26.9219696,75.8003686,,restaurant,,,
12376556609,26.9219484,75.7974906,,restaurant,,,
12376556614,26.9241173,75.7972538,,pharmacy,,,
12376557503,26.9215214,75.8006066,,pharmacy,,,
12376557505,26.9218853,75.7973434,Bikaner Bhojnalaya,restaurant,,,
12376557507,26.9222878,75.7971062,,pharmacy,,,
12376558601,26.9226018,75.7994137,they offer Thali for 150inr and refill until you are full,restaurant,,,
12379232203,26.9184451,75.7993150,Shahar,restaurant,,,
12379294402,26.9156131,75.7959230,The Little French Home,cafe,,,
12379294501,26.9161718,75.7959976,rooftop,cafe,,,
12379294701,26.9156803,75.7959173,rooftop,cafe,,,
12395867028,26.9415187,75.8386718,TVG AMER RESTAURANT,restaurant,,24/7,+91 8955559670
12396071301,26.9185848,75.8264162,The Johri,restaurant,,,
12595806172,26.9415850,75.7874029,Sonis Cafe,cafe,,,
12595806176,26.9419515,75.7860979,KIUOLA,hospital,,,
12595806178,26.9425367,75.7864334,NV Mart,,supermarket,,
12595806181,26.9421854,75.7851044,,,supermarket,,
12595819569,26.9465456,75.7856852,Maxwell Hospital,hospital,,,
12595819904,26.9558458,75.7793044,Fast M,,supermarket,,
12595819932,26.9563366,75.7806167,Kalidoscope,restaurant,,,
12595820857,26.9452269,75.7828657,DK Mart,,supermarket,,
12595833085,26.9526608,75.7774813,uj mARK,,supermarket,,
12595878945,26.9343312,75.7847819,HOspital Kavatai,hospital,,,
12596380997,26.8132690,75.7637914,,cafe,,,
12596386405,26.8129891,75.7639694,Apollo Pharmacy,pharmacy,,,
12596407459,26.8131009,75.7637357,,,supermarket,,
12596457044,26.8456480,75.7771905,,,supermarket,,
12596491720,26.8410838,75.7725838,,cafe,,,
12669158100,26.9542174,75.7464221,S K Multispeciality Hospital,hospital,,,
12669173970,26.9579177,75.7417803,AARVI Hospital,hospital,,,
12669173980,26.9513185,75.7557714,Indian Oil Petrol Pump,fuel,,,
12669173981,26.9484692,75.7628409,Indian Oil Petrol Pump,fuel,,,
12669189229,26.9541328,75.7464672,Tharka Restauratnt,restaurant,,,
12669219552,26.9579721,75.7360517,Archana Hospital,hospital,,,
12669219553,26.9578577,75.7375592,Jyoti Hospital,hospital,,,
12669219554,26.9562427,75.7411628,N.K Fracture And General Hospital,hospital,,,
12697889143,26.9985701,75.7519727,Bharat Petroleum,fuel,,,
12734119470,26.9154952,75.8064548,Retreat,restaurant,,,
12927047438,26.9096345,75.7180126,Mehfil e Chaii,cafe,,Mo-Su 11:00-23:00,+91 8905950450
13131396153,26.9566797,75.7767063,NR mart,,supermarket,,
13131397298,26.8039820,75.8289992,Apollo Pharmacy Sector 9 Pratap Nagar,hospital,,,
13201142301,26.9859918,75.8543102,Garh rooftop cafe and restaurant,restaurant,,Mo-Su 08:30-23:30,+91 96808 09922
13275317106,26.9474820,75.7976766,Spicy King,restaurant,,,
13296710002,26.9319385,75.7886818,Kha'Ba bar and kitchen,restaurant,,,
13333610101,26.9926221,75.7779766,Bharat Petrol Pump,fuel,,,
13333610102,26.9924530,75.7779594,Bharat Petrol Pump,fuel,,,
13335517501,26.9245268,75.8158137,The Akky South Indian,restaurant,,,
13335517601,26.9210603,75.7972789,Rajmahal Restaurant,restaurant,,,
13374238601,26.9086334,75.8094777,Banana Leaf,restaurant,,,
13378344903,26.9352447,75.8241841,Foffee,cafe,,,
13420769375,26.9147551,75.8125212,Noir Cafe,cafe,,24/7,
13423773617,26.9093594,75.8086807,Curious Life Coffee Roasters: RED,cafe,,Mo-Su 07:00-22:00,+91 141 403 2456
13423971793,26.9211837,75.7948487,Jaipur Adda,restaurant,,,
13602800747,26.9227725,75.8010294,,restaurant,,,
13602800764,26.9334687,75.7939667,Mr Macchiato,restaurant,,,
13604724101,26.9922926,75.8506609,Kokum Bistro,restaurant,,Mo-Su 09:00-20:00,
13607613087,26.9375434,75.8158196,Once Upon at Gath,restaurant,,,
13611822355,26.8200983,75.7497801,Kesar Nagar Bharat Petroleum,fuel,,,
13647677301,26.9114545,75.7890280,Café Auberge,restaurant,,,
13651411902,26.9488328,75.8059295,R.K Hotel,restaurant,,,
13660701045,26.8915909,75.7993874,Chaisa,cafe,,,
13672024783,26.8246856,75.7573729,Elvina's Cuisine Hub,restaurant,,Mo-Su 12:00PM-22:00PM,8824896715
13704865113,26.8502125,75.8023122,Town Coffee,restaurant,,,
