STATE/UT,DISTRICT,YEAR,MURDER,ATTEMPT TO MURDER,CULPABLE HOMICIDE NOT AMOUNTING TO MURDER,RAPE,CUSTODIAL RAPE,OTHER RAPE,KIDNAPPING & ABDUCTION,KIDNAPPING AND ABDUCTION OF WOMEN AND GIRLS,KIDNAPPING AND ABDUCTION OF OTHERS,DACOITY,PREPARATION AND ASSEMBLY FOR DACOITY,ROBBERY,BURGLARY,THEFT,AUTO THEFT,OTHER THEFT,RIOTS,CRIMINAL BREACH OF TRUST,CHEATING,COUNTERFIETING,ARSON,HURT/GREVIOUS HURT,DOWRY DEATHS,ASSAULT ON WOMEN WITH INTENT TO OUTRAGE HER MODESTY,INSULT TO MODESTY OF WOMEN,CRUELTY BY HUSBAND OR HIS RELATIVES,IMPORTATION OF GIRLS FROM FOREIGN COUNTRIES,CAUSING DEATH BY NEGLIGENCE,OTHER IPC CRIMES,TOTAL IPC CRIMES
Gujarat,AHMEDABAD COMMR.,2013,96,68,2,116,0,116,458,353,105,16,1,582,674,3449,2091,1358,151,227,255,24,24,1342,20,180,8,1756,0,268,11541,21258
Gujarat,AHMEDABAD RURAL,2013,38,51,2,17,0,17,67,62,5,19,0,35,94,219,84,135,70,38,23,3,8,244,0,33,0,167,0,327,2595,4050
Gujarat,AHWA-DANG,2013,6,1,0,4,0,4,6,5,1,0,0,0,9,10,2,8,3,1,5,1,0,19,0,7,1,20,0,27,128,248
Gujarat,AMRELI,2013,30,9,3,11,0,11,64,60,4,1,0,11,78,95,52,43,30,22,5,10,12,256,0,16,2,157,0,112,1305,2229
Gujarat,ANAND,2013,27,17,2,12,0,12,76,70,6,4,1,14,98,241,155,86,35,31,31,2,14,258,1,20,4,162,0,236,1530,2816
Gujarat,BHARUCH,2013,38,9,0,23,0,23,44,41,3,10,0,17,170,403,197,206,38,71,4,3,4,260,0,30,0,53,0,334,1245,2756
Gujarat,BHAVNAGAR,2013,52,31,1,17,0,17,109,100,9,6,3,40,157,388,198,190,75,23,49,4,32,551,1,50,7,220,0,4,2590,4410
Gujarat,CID CRIME,2013,0,0,0,0,0,0,1,1,0,0,0,0,0,0,0,0,0,2,1,0,0,0,0,0,0,0,0,0,4,8
Gujarat,DAHOD,2013,31,8,0,14,0,14,81,75,6,30,2,53,183,239,156,83,44,6,6,0,9,221,0,15,0,1,0,198,403,1544
Gujarat,GANDHINAGAR,2013,21,9,1,22,0,22,71,61,10,3,0,24,110,381,189,192,34,10,50,8,2,181,0,31,6,200,0,195,5574,6933
Gujarat,HIMATNAGAR,2013,43,6,5,14,0,14,76,74,2,8,1,11,118,252,105,147,45,17,37,5,8,148,0,33,8,304,0,294,8828,10261
Gujarat,JAMNAGAR,2013,42,37,2,27,0,27,64,46,18,9,0,24,146,404,180,224,90,31,16,2,10,785,1,26,3,480,0,3,2045,4247
Gujarat,JUNAGADH,2013,36,19,1,29,0,29,84,76,8,5,1,22,151,245,111,134,131,37,37,9,15,445,1,52,12,461,0,232,2074,4099
Gujarat,KHEDA NORTH,2013,30,30,2,14,0,14,72,64,8,7,0,3,64,155,89,66,36,22,27,0,5,263,0,21,1,148,0,281,3657,4838
Gujarat,KUTCH (EAST(G)),2013,31,16,0,25,0,25,51,41,10,4,0,20,212,323,159,164,41,24,31,1,9,303,0,34,0,249,0,9,1427,2810
Gujarat,KUTCH (WEST-BHUJ),2013,20,20,0,28,0,28,35,26,9,5,0,14,114,252,81,171,60,26,5,3,11,201,0,29,0,200,0,1,1097,2121
Gujarat,MEHSANA,2013,23,18,0,11,0,11,139,124,15,16,1,55,176,551,246,305,83,40,51,3,8,407,0,37,0,321,0,181,5375,7496
Gujarat,NARMADA,2013,14,2,0,7,0,7,24,21,3,0,0,1,26,50,31,19,12,8,5,1,3,89,0,15,0,10,0,77,383,727
Gujarat,NAVSARI,2013,14,11,0,9,0,9,39,31,8,8,1,8,108,272,165,107,17,56,18,3,1,103,0,13,1,88,0,0,967,1737
Gujarat,PALANPUR,2013,38,46,0,62,0,62,104,94,10,19,0,63,222,474,240,234,76,27,74,5,18,549,0,96,3,377,0,279,2948,5480
Gujarat,PANCHMAHAL,2013,59,15,2,16,0,16,96,96,0,18,1,8,132,257,171,86,48,18,26,3,23,318,0,46,0,217,0,316,1944,3563
Gujarat,PATAN,2013,14,9,0,19,0,19,74,74,0,17,0,33,92,283,133,150,63,27,24,10,11,340,0,47,1,174,0,133,2306,3677
Gujarat,PORBANDAR,2013,12,6,0,6,0,6,16,14,2,1,1,5,24,65,26,39,21,12,10,1,5,86,0,6,0,79,0,41,441,838
Gujarat,RAJKOT COMMR.,2013,36,26,3,14,0,14,63,47,16,4,0,41,252,853,633,220,69,93,24,7,21,386,1,18,4,254,0,119,1284,3572
Gujarat,RAJKOT RURAL,2013,43,9,3,30,0,30,83,74,9,6,0,31,163,388,224,164,76,87,6,4,10,342,1,41,2,404,0,359,2595,4683
Gujarat,SURAT COMMR.,2013,99,30,9,76,0,76,309,195,114,11,3,56,364,1570,941,629,59,25,187,10,6,386,2,91,0,491,0,213,20310,24307
Gujarat,SURAT RURAL,2013,46,8,3,19,0,19,36,27,9,16,0,23,142,449,215,234,33,20,40,5,3,147,1,15,0,114,0,368,1754,3242
Gujarat,SURENDRANAGAR,2013,32,30,2,18,0,18,71,66,5,9,1,18,122,303,124,179,76,36,11,3,7,382,0,51,7,133,0,224,1286,2822
Gujarat,TAPI,2013,17,2,2,8,0,8,17,17,0,1,0,2,34,88,37,51,7,12,14,1,5,52,0,13,0,12,0,129,406,822
Gujarat,VADODARA COMMR.,2013,20,34,2,19,0,19,82,68,14,10,1,151,422,1221,849,372,93,20,194,3,8,367,0,107,7,417,0,175,9433,12786
Gujarat,VADODARA RURAL,2013,70,13,1,25,0,25,72,71,1,17,0,17,88,305,217,88,58,24,26,6,9,227,0,29,0,110,0,433,1909,3439
Gujarat,VALSAD,2013,24,10,0,19,0,19,73,49,24,6,0,33,224,450,252,198,36,77,24,3,3,206,0,33,0,28,0,294,1170,2713
Gujarat,W.RLY AHMEDABAD,2013,11,2,0,0,0,0,7,5,2,1,0,7,7,264,30,234,2,0,6,0,0,30,0,2,0,5,0,0,37,381
Gujarat,W.RLY VADODARA,2013,5,1,1,1,0,1,2,2,0,1,0,7,4,414,15,399,3,2,2,1,0,23,0,6,0,0,0,2,47,522
Gujarat,ZZ TOTAL,2013,1118,603,49,732,0,732,2666,2230,436,288,18,1429,4980,15313,8398,6915,1715,1172,1324,144,304,9917,29,1243,77,7812,0,5864,100638,157435
