lat,lon,timestamp_utc
26.8426000,75.7444933,2022-03-13T13:33:59Z
26.8434567,75.7451600,2022-03-13T13:34:01Z
26.8437050,75.7452467,2022-03-13T13:34:02Z
26.8438200,75.7451617,2022-03-13T13:34:04Z
26.8438200,75.7451617,2022-03-13T13:34:04Z
26.8438850,75.7451050,2022-03-13T13:34:05Z
26.8439500,75.7450517,2022-03-13T13:34:06Z
26.8440150,75.7450083,2022-03-13T13:34:07Z
26.8440767,75.7449633,2022-03-13T13:34:08Z
26.8441417,75.7449100,2022-03-13T13:34:09Z
26.8442083,75.7448583,2022-03-13T13:34:10Z
26.8442833,75.7448033,2022-03-13T13:34:11Z
26.8443600,75.7447533,2022-03-13T13:34:12Z
26.8444383,75.7446933,2022-03-13T13:34:13Z
26.8444650,75.7446567,2022-03-13T13:34:13Z
26.8445083,75.7446250,2022-03-13T13:34:14Z
26.8445500,75.7445950,2022-03-13T13:34:14Z
26.8446933,75.7444933,2022-03-13T13:34:16Z
26.8447933,75.7444167,2022-03-13T13:34:17Z
26.8448950,75.7443450,2022-03-13T13:34:18Z
26.8449950,75.7442683,2022-03-13T13:34:19Z
26.8451017,75.7441867,2022-03-13T13:34:20Z
26.8452133,75.7441017,2022-03-13T13:34:21Z
26.8453283,75.7440117,2022-03-13T13:34:22Z
26.8454417,75.7439250,2022-03-13T13:34:23Z
26.8455483,75.7438400,2022-03-13T13:34:24Z
26.8456500,75.7437667,2022-03-13T13:34:25Z
26.8457583,75.7436783,2022-03-13T13:34:26Z
26.8458683,75.7435867,2022-03-13T13:34:27Z
26.8459783,75.7435033,2022-03-13T13:34:28Z
26.8460800,75.7434217,2022-03-13T13:34:29Z
26.8461817,75.7433500,2022-03-13T13:34:30Z
26.8462833,75.7432750,2022-03-13T13:34:31Z
26.8463867,75.7432000,2022-03-13T13:34:32Z
26.8465000,75.7431200,2022-03-13T13:34:33Z
26.8466133,75.7430383,2022-03-13T13:34:34Z
26.8467283,75.7429533,2022-03-13T13:34:35Z
26.8468367,75.7428717,2022-03-13T13:34:36Z
26.8469483,75.7427900,2022-03-13T13:34:37Z
26.8470583,75.7427033,2022-03-13T13:34:38Z
26.8471650,75.7426150,2022-03-13T13:34:39Z
26.8472650,75.7425283,2022-03-13T13:34:40Z
26.8473700,75.7424383,2022-03-13T13:34:41Z
26.8474650,75.7423533,2022-03-13T13:34:42Z
26.8475367,75.7422583,2022-03-13T13:34:43Z
26.8475967,75.7421650,2022-03-13T13:34:44Z
26.8476517,75.7420817,2022-03-13T13:34:45Z
26.8477067,75.7419983,2022-03-13T13:34:46Z
26.8477700,75.7419267,2022-03-13T13:34:47Z
26.8478383,75.7418617,2022-03-13T13:34:48Z
26.8479050,75.7418117,2022-03-13T13:34:49Z
26.8479850,75.7417800,2022-03-13T13:34:50Z
26.8480800,75.7417717,2022-03-13T13:34:51Z
26.8481783,75.7417500,2022-03-13T13:34:52Z
26.8482867,75.7417183,2022-03-13T13:34:53Z
26.8483933,75.7416717,2022-03-13T13:34:54Z
26.8485017,75.7416167,2022-03-13T13:34:55Z
26.8486083,75.7415567,2022-03-13T13:34:56Z
26.8487150,75.7414833,2022-03-13T13:34:57Z
26.8488250,75.7414017,2022-03-13T13:34:58Z
26.8489467,75.7413183,2022-03-13T13:34:59Z
26.8490700,75.7412283,2022-03-13T13:35:00Z
26.8491917,75.7411317,2022-03-13T13:35:01Z
26.8493100,75.7410400,2022-03-13T13:35:02Z
26.8494300,75.7409517,2022-03-13T13:35:03Z
26.8495417,75.7408633,2022-03-13T13:35:04Z
26.8496500,75.7407767,2022-03-13T13:35:05Z
26.8497533,75.7406900,2022-03-13T13:35:06Z
26.8498633,75.7406117,2022-03-13T13:35:07Z
26.8499683,75.7405317,2022-03-13T13:35:08Z
26.8500750,75.7404500,2022-03-13T13:35:09Z
26.8501833,75.7403750,2022-03-13T13:35:10Z
26.8502900,75.7403000,2022-03-13T13:35:11Z
26.8503867,75.7402267,2022-03-13T13:35:12Z
26.8504917,75.7401483,2022-03-13T13:35:13Z
26.8505967,75.7400683,2022-03-13T13:35:14Z
26.8506983,75.7399883,2022-03-13T13:35:15Z
26.8508017,75.7399183,2022-03-13T13:35:16Z
26.8509017,75.7398467,2022-03-13T13:35:17Z
26.8510000,75.7397817,2022-03-13T13:35:18Z
26.8510900,75.7397117,2022-03-13T13:35:19Z
26.8511833,75.7396417,2022-03-13T13:35:20Z
26.8512783,75.7395733,2022-03-13T13:35:21Z
26.8513667,75.7394983,2022-03-13T13:35:22Z
26.8514617,75.7394333,2022-03-13T13:35:23Z
26.8515567,75.7393667,2022-03-13T13:35:24Z
26.8516500,75.7392967,2022-03-13T13:35:25Z
26.8517367,75.7392250,2022-03-13T13:35:26Z
26.8518367,75.7391600,2022-03-13T13:35:27Z
26.8519250,75.7390933,2022-03-13T13:35:28Z
26.8520167,75.7390283,2022-03-13T13:35:29Z
26.8521150,75.7389567,2022-03-13T13:35:30Z
26.8522167,75.7388900,2022-03-13T13:35:31Z
26.8523117,75.7388167,2022-03-13T13:35:32Z
26.8524083,75.7387400,2022-03-13T13:35:33Z
26.8525067,75.7386700,2022-03-13T13:35:34Z
26.8526017,75.7386033,2022-03-13T13:35:35Z
26.8526950,75.7385367,2022-03-13T13:35:36Z
26.8527917,75.7384700,2022-03-13T13:35:37Z
26.8528850,75.7384017,2022-03-13T13:35:38Z
26.8529683,75.7383383,2022-03-13T13:35:39Z
26.8530550,75.7382733,2022-03-13T13:35:40Z
26.8531433,75.7382033,2022-03-13T13:35:41Z
26.8532333,75.7381333,2022-03-13T13:35:42Z
26.8533283,75.7380633,2022-03-13T13:35:43Z
26.8534183,75.7379883,2022-03-13T13:35:44Z
26.8535067,75.7379183,2022-03-13T13:35:45Z
26.8535933,75.7378500,2022-03-13T13:35:46Z
26.8536900,75.7377800,2022-03-13T13:35:47Z
26.8537817,75.7377150,2022-03-13T13:35:48Z
26.8538683,75.7376450,2022-03-13T13:35:49Z
26.8539450,75.7375850,2022-03-13T13:35:50Z
26.8540250,75.7375200,2022-03-13T13:35:51Z
26.8541133,75.7374533,2022-03-13T13:35:52Z
26.8542050,75.7373867,2022-03-13T13:35:53Z
26.8542967,75.7373267,2022-03-13T13:35:54Z
26.8543800,75.7372650,2022-03-13T13:35:55Z
26.8544650,75.7372017,2022-03-13T13:35:56Z
26.8545683,75.7371300,2022-03-13T13:35:57Z
26.8546767,75.7370533,2022-03-13T13:35:58Z
26.8547800,75.7369867,2022-03-13T13:35:59Z
26.8548917,75.7369083,2022-03-13T13:36:00Z
26.8549967,75.7368267,2022-03-13T13:36:01Z
26.8551033,75.7367400,2022-03-13T13:36:02Z
26.8552083,75.7366533,2022-03-13T13:36:03Z
26.8553200,75.7365767,2022-03-13T13:36:04Z
26.8554283,75.7364933,2022-03-13T13:36:05Z
26.8555367,75.7364183,2022-03-13T13:36:06Z
26.8556400,75.7363383,2022-03-13T13:36:07Z
26.8557400,75.7362550,2022-03-13T13:36:08Z
26.8558417,75.7361783,2022-03-13T13:36:09Z
26.8559450,75.7360967,2022-03-13T13:36:10Z
26.8560367,75.7360200,2022-03-13T13:36:11Z
26.8561300,75.7359433,2022-03-13T13:36:12Z
26.8562267,75.7358667,2022-03-13T13:36:13Z
26.8563317,75.7357950,2022-03-13T13:36:14Z
26.8564383,75.7357200,2022-03-13T13:36:15Z
26.8565383,75.7356467,2022-03-13T13:36:16Z
26.8566383,75.7355683,2022-03-13T13:36:17Z
26.8567383,75.7354900,2022-03-13T13:36:18Z
26.8568467,75.7354150,2022-03-13T13:36:19Z
26.8569550,75.7353333,2022-03-13T13:36:20Z
26.8570667,75.7352550,2022-03-13T13:36:21Z
26.8571750,75.7351733,2022-03-13T13:36:22Z
26.8572817,75.7350883,2022-03-13T13:36:23Z
26.8573917,75.7350017,2022-03-13T13:36:24Z
26.8575050,75.7349133,2022-03-13T13:36:25Z
26.8576233,75.7348267,2022-03-13T13:36:26Z
26.8577383,75.7347417,2022-03-13T13:36:27Z
26.8578567,75.7346567,2022-03-13T13:36:28Z
26.8579700,75.7345800,2022-03-13T13:36:29Z
26.8580800,75.7344983,2022-03-13T13:36:30Z
26.8582000,75.7344217,2022-03-13T13:36:31Z
26.8583017,75.7343483,2022-03-13T13:36:32Z
26.8583967,75.7342767,2022-03-13T13:36:33Z
26.8584883,75.7342083,2022-03-13T13:36:34Z
26.8585833,75.7341333,2022-03-13T13:36:35Z
26.8586900,75.7340600,2022-03-13T13:36:36Z
26.8587833,75.7340000,2022-03-13T13:36:37Z
26.8588750,75.7339367,2022-03-13T13:36:38Z
26.8589683,75.7338700,2022-03-13T13:36:39Z
26.8590650,75.7338033,2022-03-13T13:36:40Z
26.8591633,75.7337250,2022-03-13T13:36:41Z
26.8592700,75.7336400,2022-03-13T13:36:42Z
26.8593833,75.7335617,2022-03-13T13:36:43Z
26.8594867,75.7334817,2022-03-13T13:36:44Z
26.8595950,75.7333983,2022-03-13T13:36:45Z
26.8596950,75.7333167,2022-03-13T13:36:46Z
26.8598050,75.7332350,2022-03-13T13:36:47Z
26.8599067,75.7331467,2022-03-13T13:36:48Z
26.8600083,75.7330617,2022-03-13T13:36:49Z
26.8601183,75.7329850,2022-03-13T13:36:50Z
26.8602233,75.7329050,2022-03-13T13:36:51Z
26.8603283,75.7328233,2022-03-13T13:36:52Z
26.8604350,75.7327433,2022-03-13T13:36:53Z
26.8605333,75.7326733,2022-03-13T13:36:54Z
26.8606350,75.7326017,2022-03-13T13:36:55Z
26.8607350,75.7325283,2022-03-13T13:36:56Z
26.8608233,75.7324600,2022-03-13T13:36:57Z
26.8609017,75.7323867,2022-03-13T13:36:58Z
26.8609633,75.7323350,2022-03-13T13:36:59Z
26.8610233,75.7322800,2022-03-13T13:37:00Z
26.8610633,75.7322283,2022-03-13T13:37:01Z
26.8611000,75.7321617,2022-03-13T13:37:02Z
26.8611267,75.7320717,2022-03-13T13:37:03Z
26.8611400,75.7319817,2022-03-13T13:37:04Z
26.8611450,75.7318817,2022-03-13T13:37:05Z
26.8611300,75.7317800,2022-03-13T13:37:06Z
26.8611117,75.7316767,2022-03-13T13:37:07Z
26.8610683,75.7315583,2022-03-13T13:37:08Z
26.8610183,75.7314567,2022-03-13T13:37:09Z
26.8609650,75.7313533,2022-03-13T13:37:10Z
26.8609033,75.7312433,2022-03-13T13:37:11Z
26.8608483,75.7311383,2022-03-13T13:37:12Z
26.8607833,75.7310250,2022-03-13T13:37:13Z
26.8607217,75.7309217,2022-03-13T13:37:14Z
26.8606600,75.7308233,2022-03-13T13:37:15Z
26.8605950,75.7307167,2022-03-13T13:37:16Z
26.8605283,75.7306117,2022-03-13T13:37:17Z
26.8604633,75.7305067,2022-03-13T13:37:18Z
26.8603967,75.7303950,2022-03-13T13:37:19Z
26.8603317,75.7302800,2022-03-13T13:37:20Z
26.8602633,75.7301783,2022-03-13T13:37:21Z
26.8602000,75.7300717,2022-03-13T13:37:22Z
26.8601350,75.7299667,2022-03-13T13:37:23Z
26.8600717,75.7298583,2022-03-13T13:37:24Z
26.8600083,75.7297483,2022-03-13T13:37:25Z
26.8599450,75.7296433,2022-03-13T13:37:26Z
26.8598783,75.7295317,2022-03-13T13:37:27Z
26.8598117,75.7294217,2022-03-13T13:37:28Z
26.8597467,75.7293133,2022-03-13T13:37:29Z
26.8596817,75.7292083,2022-03-13T13:37:30Z
26.8596133,75.7290967,2022-03-13T13:37:31Z
26.8595450,75.7289883,2022-03-13T13:37:32Z
26.8594783,75.7288833,2022-03-13T13:37:33Z
26.8594067,75.7287717,2022-03-13T13:37:34Z
26.8593283,75.7286600,2022-03-13T13:37:35Z
26.8592600,75.7285433,2022-03-13T13:37:36Z
26.8591950,75.7284350,2022-03-13T13:37:37Z
26.8591317,75.7283450,2022-03-13T13:37:38Z
26.8590617,75.7282433,2022-03-13T13:37:39Z
26.8590017,75.7281433,2022-03-13T13:37:40Z
26.8589450,75.7280383,2022-03-13T13:37:41Z
26.8588950,75.7279417,2022-03-13T13:37:42Z
26.8588467,75.7278433,2022-03-13T13:37:43Z
26.8587983,75.7277433,2022-03-13T13:37:44Z
26.8587400,75.7276567,2022-03-13T13:37:45Z
26.8586867,75.7275667,2022-03-13T13:37:46Z
26.8586417,75.7274783,2022-03-13T13:37:47Z
26.8585883,75.7273833,2022-03-13T13:37:48Z
26.8585283,75.7272850,2022-03-13T13:37:49Z
26.8584683,75.7271917,2022-03-13T13:37:50Z
26.8584167,75.7271050,2022-03-13T13:37:51Z
26.8583650,75.7270167,2022-03-13T13:37:52Z
26.8583150,75.7269417,2022-03-13T13:37:53Z
26.8582750,75.7268750,2022-03-13T13:37:54Z
26.8582483,75.7268133,2022-03-13T13:37:55Z
26.8582383,75.7267750,2022-03-13T13:37:56Z
26.8582450,75.7267450,2022-03-13T13:37:57Z
26.8582667,75.7267267,2022-03-13T13:37:58Z
26.8582983,75.7267183,2022-03-13T13:37:59Z
26.8583300,75.7267250,2022-03-13T13:38:00Z
26.8583683,75.7267500,2022-03-13T13:38:01Z
26.8584017,75.7267917,2022-03-13T13:38:02Z
26.8584433,75.7268483,2022-03-13T13:38:03Z
26.8584783,75.7268983,2022-03-13T13:38:04Z
26.8585033,75.7269450,2022-03-13T13:38:05Z
26.8585267,75.7269933,2022-03-13T13:38:06Z
26.8585500,75.7270467,2022-03-13T13:38:07Z
26.8585833,75.7271050,2022-03-13T13:38:08Z
26.8586233,75.7271750,2022-03-13T13:38:09Z
26.8586650,75.7272467,2022-03-13T13:38:10Z
26.8587033,75.7273283,2022-03-13T13:38:11Z
26.8587533,75.7274167,2022-03-13T13:38:12Z
26.8588083,75.7275033,2022-03-13T13:38:13Z
26.8588700,75.7276033,2022-03-13T13:38:14Z
26.8589300,75.7277017,2022-03-13T13:38:15Z
26.8589917,75.7278017,2022-03-13T13:38:16Z
26.8590583,75.7279067,2022-03-13T13:38:17Z
26.8591283,75.7280133,2022-03-13T13:38:18Z
26.8591967,75.7281150,2022-03-13T13:38:19Z
26.8592700,75.7282250,2022-03-13T13:38:20Z
26.8593433,75.7283317,2022-03-13T13:38:21Z
26.8594133,75.7284383,2022-03-13T13:38:22Z
26.8594800,75.7285450,2022-03-13T13:38:23Z
26.8595350,75.7286450,2022-03-13T13:38:24Z
26.8596000,75.7287483,2022-03-13T13:38:25Z
26.8596617,75.7288567,2022-03-13T13:38:26Z
26.8597233,75.7289617,2022-03-13T13:38:27Z
26.8597883,75.7290667,2022-03-13T13:38:28Z
26.8598550,75.7291750,2022-03-13T13:38:29Z
26.8599250,75.7292867,2022-03-13T13:38:30Z
26.8599950,75.7294000,2022-03-13T13:38:31Z
26.8600633,75.7295117,2022-03-13T13:38:32Z
26.8601333,75.7296250,2022-03-13T13:38:33Z
26.8601983,75.7297350,2022-03-13T13:38:34Z
26.8602583,75.7298467,2022-03-13T13:38:35Z
26.8603167,75.7299567,2022-03-13T13:38:36Z
26.8603767,75.7300617,2022-03-13T13:38:37Z
26.8604350,75.7301717,2022-03-13T13:38:38Z
26.8604967,75.7302800,2022-03-13T13:38:39Z
26.8605667,75.7303817,2022-03-13T13:38:40Z
26.8606200,75.7304833,2022-03-13T13:38:41Z
26.8606783,75.7305817,2022-03-13T13:38:42Z
26.8607467,75.7306817,2022-03-13T13:38:43Z
26.8608083,75.7307800,2022-03-13T13:38:44Z
26.8608683,75.7308767,2022-03-13T13:38:45Z
26.8609283,75.7309750,2022-03-13T13:38:46Z
26.8609850,75.7310733,2022-03-13T13:38:47Z
26.8610400,75.7311667,2022-03-13T13:38:48Z
26.8610900,75.7312500,2022-03-13T13:38:49Z
26.8611367,75.7313233,2022-03-13T13:38:50Z
26.8611750,75.7313800,2022-03-13T13:38:51Z
26.8612083,75.7314317,2022-03-13T13:38:52Z
26.8612283,75.7314667,2022-03-13T13:38:53Z
26.8612417,75.7314917,2022-03-13T13:38:54Z
26.8612450,75.7315050,2022-03-13T13:38:55Z
26.8612417,75.7315033,2022-03-13T13:38:56Z
26.8612417,75.7315017,2022-03-13T13:38:57Z
26.8612417,75.7315017,2022-03-13T13:38:58Z
26.8612417,75.7315017,2022-03-13T13:38:59Z
26.8612417,75.7315017,2022-03-13T13:39:00Z
26.8612417,75.7315017,2022-03-13T13:39:01Z
26.8612417,75.7315017,2022-03-13T13:39:02Z
26.8612417,75.7315017,2022-03-13T13:39:03Z
26.8612417,75.7315017,2022-03-13T13:39:04Z
26.8612417,75.7315017,2022-03-13T13:39:05Z
26.8612633,75.7315267,2022-03-13T13:39:06Z
26.8612717,75.7315417,2022-03-13T13:39:07Z
26.8612783,75.7315533,2022-03-13T13:39:08Z
26.8612833,75.7315650,2022-03-13T13:39:09Z
26.8612900,75.7315717,2022-03-13T13:39:10Z
26.8612967,75.7315817,2022-03-13T13:39:11Z
26.8613017,75.7315900,2022-03-13T13:39:12Z
26.8613083,75.7316017,2022-03-13T13:39:13Z
26.8613133,75.7316150,2022-03-13T13:39:14Z
26.8613217,75.7316233,2022-03-13T13:39:15Z
26.8613300,75.7316317,2022-03-13T13:39:16Z
26.8613400,75.7316467,2022-03-13T13:39:17Z
26.8613500,75.7316617,2022-03-13T13:39:18Z
26.8613633,75.7316833,2022-03-13T13:39:19Z
26.8613800,75.7317067,2022-03-13T13:39:20Z
26.8614000,75.7317300,2022-03-13T13:39:21Z
26.8614150,75.7317483,2022-03-13T13:39:22Z
26.8614267,75.7317617,2022-03-13T13:39:23Z
26.8614317,75.7317700,2022-03-13T13:39:24Z
26.8614350,75.7317750,2022-03-13T13:39:25Z
26.8614433,75.7317800,2022-03-13T13:39:26Z
26.8614533,75.7317833,2022-03-13T13:39:27Z
26.8614667,75.7317900,2022-03-13T13:39:28Z
26.8614833,75.7318067,2022-03-13T13:39:29Z
26.8615067,75.7318250,2022-03-13T13:39:30Z
26.8615383,75.7318450,2022-03-13T13:39:31Z
26.8615750,75.7318717,2022-03-13T13:39:32Z
26.8616100,75.7319000,2022-03-13T13:39:33Z
26.8616367,75.7319300,2022-03-13T13:39:34Z
26.8616600,75.7319683,2022-03-13T13:39:35Z
26.8616817,75.7320000,2022-03-13T13:39:36Z
26.8616967,75.7320333,2022-03-13T13:39:37Z
26.8617017,75.7320767,2022-03-13T13:39:38Z
26.8617000,75.7321167,2022-03-13T13:39:39Z
26.8616900,75.7321650,2022-03-13T13:39:40Z
26.8616733,75.7322217,2022-03-13T13:39:41Z
26.8616500,75.7322767,2022-03-13T13:39:42Z
26.8616183,75.7323217,2022-03-13T13:39:43Z
26.8615817,75.7323567,2022-03-13T13:39:44Z
26.8615450,75.7323783,2022-03-13T13:39:45Z
26.8615100,75.7323900,2022-03-13T13:39:46Z
26.8614633,75.7323983,2022-03-13T13:39:47Z
26.8614050,75.7324117,2022-03-13T13:39:48Z
26.8613400,75.7324267,2022-03-13T13:39:49Z
26.8612683,75.7324500,2022-03-13T13:39:50Z
26.8611967,75.7324900,2022-03-13T13:39:51Z
26.8611167,75.7325333,2022-03-13T13:39:52Z
26.8610367,75.7325817,2022-03-13T13:39:53Z
26.8609483,75.7326317,2022-03-13T13:39:54Z
26.8608550,75.7326967,2022-03-13T13:39:55Z
26.8607617,75.7327583,2022-03-13T13:39:56Z
26.8606700,75.7328283,2022-03-13T13:39:57Z
26.8605767,75.7328883,2022-03-13T13:39:58Z
26.8604850,75.7329450,2022-03-13T13:39:59Z
26.8604050,75.7330033,2022-03-13T13:40:00Z
26.8603183,75.7330717,2022-03-13T13:40:01Z
26.8602300,75.7331383,2022-03-13T13:40:02Z
26.8601333,75.7332100,2022-03-13T13:40:03Z
26.8600433,75.7332833,2022-03-13T13:40:04Z
26.8599500,75.7333550,2022-03-13T13:40:05Z
26.8598583,75.7334333,2022-03-13T13:40:06Z
26.8597600,75.7335117,2022-03-13T13:40:07Z
26.8596567,75.7335933,2022-03-13T13:40:08Z
26.8595617,75.7336667,2022-03-13T13:40:09Z
26.8594633,75.7337450,2022-03-13T13:40:10Z
26.8593633,75.7338200,2022-03-13T13:40:11Z
26.8592650,75.7338983,2022-03-13T13:40:12Z
26.8591483,75.7339683,2022-03-13T13:40:13Z
26.8590383,75.7340517,2022-03-13T13:40:14Z
26.8589267,75.7341367,2022-03-13T13:40:15Z
26.8588167,75.7342250,2022-03-13T13:40:16Z
26.8587050,75.7343083,2022-03-13T13:40:17Z
26.8585833,75.7343833,2022-03-13T13:40:18Z
26.8584667,75.7344683,2022-03-13T13:40:19Z
26.8583483,75.7345500,2022-03-13T13:40:20Z
26.8582317,75.7346317,2022-03-13T13:40:21Z
26.8581183,75.7347133,2022-03-13T13:40:22Z
26.8580100,75.7347950,2022-03-13T13:40:23Z
26.8578900,75.7348800,2022-03-13T13:40:24Z
26.8577633,75.7349633,2022-03-13T13:40:25Z
26.8576367,75.7350550,2022-03-13T13:40:26Z
26.8575100,75.7351417,2022-03-13T13:40:27Z
26.8573817,75.7352367,2022-03-13T13:40:28Z
26.8572533,75.7353267,2022-03-13T13:40:29Z
26.8571267,75.7354217,2022-03-13T13:40:30Z
26.8569983,75.7355217,2022-03-13T13:40:31Z
26.8568700,75.7356283,2022-03-13T13:40:32Z
26.8567400,75.7357300,2022-03-13T13:40:33Z
26.8566117,75.7358300,2022-03-13T13:40:34Z
26.8564767,75.7359250,2022-03-13T13:40:35Z
26.8563450,75.7360217,2022-03-13T13:40:36Z
26.8562133,75.7361150,2022-03-13T13:40:37Z
26.8560783,75.7362083,2022-03-13T13:40:38Z
26.8559383,75.7362967,2022-03-13T13:40:39Z
26.8558067,75.7363933,2022-03-13T13:40:40Z
26.8556767,75.7364850,2022-03-13T13:40:41Z
26.8555533,75.7365767,2022-03-13T13:40:42Z
26.8554183,75.7366683,2022-03-13T13:40:43Z
26.8552867,75.7367567,2022-03-13T13:40:44Z
26.8551583,75.7368433,2022-03-13T13:40:45Z
26.8550300,75.7369333,2022-03-13T13:40:46Z
26.8549050,75.7370317,2022-03-13T13:40:47Z
26.8547767,75.7371317,2022-03-13T13:40:48Z
26.8546467,75.7372317,2022-03-13T13:40:49Z
26.8545183,75.7373267,2022-03-13T13:40:50Z
26.8543950,75.7374183,2022-03-13T13:40:51Z
26.8542800,75.7374950,2022-03-13T13:40:52Z
26.8541617,75.7375783,2022-03-13T13:40:53Z
26.8540483,75.7376733,2022-03-13T13:40:54Z
26.8539250,75.7377717,2022-03-13T13:40:55Z
26.8538067,75.7378650,2022-03-13T13:40:56Z
26.8536833,75.7379633,2022-03-13T13:40:57Z
26.8535567,75.7380633,2022-03-13T13:40:58Z
26.8534250,75.7381633,2022-03-13T13:40:59Z
26.8532933,75.7382633,2022-03-13T13:41:00Z
26.8531600,75.7383583,2022-03-13T13:41:01Z
26.8530267,75.7384567,2022-03-13T13:41:02Z
26.8529050,75.7385433,2022-03-13T13:41:03Z
26.8527683,75.7386467,2022-03-13T13:41:04Z
26.8526300,75.7387467,2022-03-13T13:41:05Z
26.8524983,75.7388417,2022-03-13T13:41:06Z
26.8523733,75.7389350,2022-03-13T13:41:07Z
26.8522400,75.7390467,2022-03-13T13:41:08Z
26.8521033,75.7391433,2022-03-13T13:41:09Z
26.8519667,75.7392483,2022-03-13T13:41:10Z
26.8518367,75.7393450,2022-03-13T13:41:11Z
26.8517067,75.7394400,2022-03-13T13:41:12Z
26.8515683,75.7395417,2022-03-13T13:41:13Z
26.8514417,75.7396467,2022-03-13T13:41:14Z
26.8513133,75.7397400,2022-03-13T13:41:15Z
26.8511850,75.7398283,2022-03-13T13:41:16Z
26.8510483,75.7399167,2022-03-13T13:41:17Z
26.8509167,75.7400150,2022-03-13T13:41:18Z
26.8507867,75.7401183,2022-03-13T13:41:19Z
26.8506533,75.7402150,2022-03-13T13:41:20Z
26.8505250,75.7403167,2022-03-13T13:41:21Z
26.8504017,75.7404150,2022-03-13T13:41:22Z
26.8502700,75.7405067,2022-03-13T13:41:23Z
26.8501350,75.7406017,2022-03-13T13:41:24Z
26.8499983,75.7406950,2022-03-13T13:41:25Z
26.8498667,75.7407900,2022-03-13T13:41:26Z
26.8497400,75.7408800,2022-03-13T13:41:27Z
26.8496200,75.7409750,2022-03-13T13:41:28Z
26.8495017,75.7410617,2022-03-13T13:41:29Z
26.8493817,75.7411467,2022-03-13T13:41:30Z
26.8492633,75.7412250,2022-03-13T13:41:31Z
26.8491483,75.7413050,2022-03-13T13:41:32Z
26.8490267,75.7413950,2022-03-13T13:41:33Z
26.8489117,75.7414867,2022-03-13T13:41:34Z
26.8488033,75.7415767,2022-03-13T13:41:35Z
26.8487017,75.7416683,2022-03-13T13:41:36Z
26.8485983,75.7417567,2022-03-13T13:41:37Z
26.8484983,75.7418367,2022-03-13T13:41:38Z
26.8484000,75.7419250,2022-03-13T13:41:39Z
26.8483100,75.7420367,2022-03-13T13:41:40Z
26.8482383,75.7421317,2022-03-13T13:41:41Z
26.8481633,75.7422250,2022-03-13T13:41:42Z
26.8481117,75.7423133,2022-03-13T13:41:43Z
26.8480567,75.7424000,2022-03-13T13:41:44Z
26.8479950,75.7424767,2022-03-13T13:41:45Z
26.8479300,75.7425617,2022-03-13T13:41:46Z
26.8478733,75.7426617,2022-03-13T13:41:47Z
26.8478233,75.7427717,2022-03-13T13:41:48Z
26.8477583,75.7428750,2022-03-13T13:41:49Z
26.8476950,75.7429817,2022-03-13T13:41:50Z
26.8476233,75.7430900,2022-03-13T13:41:51Z
26.8475467,75.7432100,2022-03-13T13:41:52Z
26.8474650,75.7433233,2022-03-13T13:41:53Z
26.8473750,75.7434367,2022-03-13T13:41:54Z
26.8472833,75.7435583,2022-03-13T13:41:55Z
26.8471867,75.7436767,2022-03-13T13:41:56Z
26.8470833,75.7438017,2022-03-13T13:41:57Z
26.8469833,75.7439317,2022-03-13T13:41:58Z
26.8468817,75.7440617,2022-03-13T13:41:59Z
26.8467733,75.7441950,2022-03-13T13:42:00Z
26.8466700,75.7443267,2022-03-13T13:42:01Z
26.8465683,75.7444583,2022-03-13T13:42:02Z
26.8464683,75.7445933,2022-03-13T13:42:03Z
26.8463700,75.7447283,2022-03-13T13:42:04Z
26.8462717,75.7448617,2022-03-13T13:42:05Z
26.8461733,75.7449867,2022-03-13T13:42:06Z
26.8460717,75.7451133,2022-03-13T13:42:07Z
26.8459767,75.7452433,2022-03-13T13:42:08Z
26.8458850,75.7453750,2022-03-13T13:42:09Z
26.8458050,75.7455150,2022-03-13T13:42:10Z
26.8457150,75.7456483,2022-03-13T13:42:11Z
26.8456317,75.7457850,2022-03-13T13:42:12Z
26.8455450,75.7459100,2022-03-13T13:42:13Z
26.8454617,75.7460367,2022-03-13T13:42:14Z
26.8453950,75.7461383,2022-03-13T13:42:15Z
26.8453267,75.7462200,2022-03-13T13:42:16Z
26.8452550,75.7462950,2022-03-13T13:42:17Z
26.8451800,75.7463633,2022-03-13T13:42:18Z
26.8451017,75.7464400,2022-03-13T13:42:19Z
26.8450350,75.7465167,2022-03-13T13:42:20Z
26.8449817,75.7465950,2022-03-13T13:42:21Z
26.8449333,75.7466733,2022-03-13T13:42:22Z
26.8448850,75.7467467,2022-03-13T13:42:23Z
26.8448317,75.7468283,2022-03-13T13:42:24Z
26.8447767,75.7469233,2022-03-13T13:42:25Z
26.8447150,75.7470167,2022-03-13T13:42:26Z
26.8446517,75.7471233,2022-03-13T13:42:27Z
26.8445950,75.7472200,2022-03-13T13:42:28Z
26.8445400,75.7473317,2022-03-13T13:42:29Z
26.8444833,75.7474450,2022-03-13T13:42:30Z
26.8444200,75.7475633,2022-03-13T13:42:31Z
26.8443483,75.7476900,2022-03-13T13:42:32Z
26.8442733,75.7478017,2022-03-13T13:42:33Z
26.8441950,75.7479183,2022-03-13T13:42:34Z
26.8441083,75.7480183,2022-03-13T13:42:35Z
26.8440183,75.7481233,2022-03-13T13:42:36Z
26.8439383,75.7482133,2022-03-13T13:42:37Z
26.8438833,75.7482883,2022-03-13T13:42:38Z
26.8438383,75.7483500,2022-03-13T13:42:39Z
26.8438000,75.7484100,2022-03-13T13:42:40Z
26.8437700,75.7484650,2022-03-13T13:42:41Z
26.8437583,75.7485217,2022-03-13T13:42:42Z
26.8437700,75.7485800,2022-03-13T13:42:43Z
26.8437950,75.7486333,2022-03-13T13:42:44Z
26.8438333,75.7486900,2022-03-13T13:42:45Z
26.8438900,75.7487433,2022-03-13T13:42:46Z
26.8439433,75.7487817,2022-03-13T13:42:47Z
26.8440067,75.7488167,2022-03-13T13:42:48Z
26.8440650,75.7488600,2022-03-13T13:42:49Z
26.8441317,75.7489117,2022-03-13T13:42:50Z
26.8442150,75.7489700,2022-03-13T13:42:51Z
26.8443000,75.7490283,2022-03-13T13:42:52Z
26.8443967,75.7490767,2022-03-13T13:42:53Z
26.8444833,75.7491200,2022-03-13T13:42:54Z
26.8445717,75.7491667,2022-03-13T13:42:55Z
26.8446633,75.7492167,2022-03-13T13:42:56Z
26.8447583,75.7492700,2022-03-13T13:42:57Z
26.8448617,75.7493283,2022-03-13T13:42:58Z
26.8449700,75.7493933,2022-03-13T13:42:59Z
26.8450800,75.7494650,2022-03-13T13:43:00Z
26.8451900,75.7495533,2022-03-13T13:43:01Z
26.8453100,75.7496433,2022-03-13T13:43:02Z
26.8454433,75.7497317,2022-03-13T13:43:03Z
26.8455667,75.7498267,2022-03-13T13:43:04Z
26.8456767,75.7499300,2022-03-13T13:43:05Z
26.8457967,75.7500367,2022-03-13T13:43:06Z
26.8459150,75.7501450,2022-03-13T13:43:07Z
26.8460267,75.7502483,2022-03-13T13:43:08Z
26.8461467,75.7503617,2022-03-13T13:43:09Z
26.8462583,75.7504783,2022-03-13T13:43:10Z
26.8463700,75.7505917,2022-03-13T13:43:11Z
26.8464633,75.7507083,2022-03-13T13:43:12Z
26.8465633,75.7508183,2022-03-13T13:43:13Z
26.8466400,75.7509167,2022-03-13T13:43:14Z
26.8467100,75.7510100,2022-03-13T13:43:15Z
26.8467683,75.7510900,2022-03-13T13:43:16Z
26.8468133,75.7511600,2022-03-13T13:43:17Z
26.8468500,75.7512150,2022-03-13T13:43:18Z
26.8468750,75.7512583,2022-03-13T13:43:19Z
26.8468950,75.7513167,2022-03-13T13:43:20Z
26.8469033,75.7513567,2022-03-13T13:43:21Z
26.8469000,75.7513850,2022-03-13T13:43:22Z
26.8469033,75.7514017,2022-03-13T13:43:23Z
26.8469050,75.7514100,2022-03-13T13:43:24Z
26.8469033,75.7514150,2022-03-13T13:43:25Z
26.8469033,75.7514233,2022-03-13T13:43:26Z
26.8469033,75.7514233,2022-03-13T13:43:27Z
26.8469033,75.7514233,2022-03-13T13:43:28Z
26.8469033,75.7514233,2022-03-13T13:43:29Z
26.8469033,75.7514233,2022-03-13T13:43:30Z
26.8468967,75.7514783,2022-03-13T13:43:31Z
26.8468933,75.7514950,2022-03-13T13:43:32Z
26.8468950,75.7515083,2022-03-13T13:43:33Z
26.8468950,75.7515183,2022-03-13T13:43:34Z
26.8468967,75.7515283,2022-03-13T13:43:35Z
26.8468950,75.7515417,2022-03-13T13:43:36Z
26.8468900,75.7515533,2022-03-13T13:43:37Z
26.8468900,75.7515600,2022-03-13T13:43:38Z
26.8468867,75.7515633,2022-03-13T13:43:39Z
26.8468867,75.7515633,2022-03-13T13:43:40Z
26.8468867,75.7515633,2022-03-13T13:43:41Z
26.8468867,75.7515633,2022-03-13T13:43:42Z
26.8468867,75.7515633,2022-03-13T13:43:43Z
26.8468867,75.7515633,2022-03-13T13:43:44Z
26.8468867,75.7515633,2022-03-13T13:43:45Z
26.8468733,75.7515933,2022-03-13T13:43:46Z
26.8468683,75.7516117,2022-03-13T13:43:47Z
26.8468650,75.7516333,2022-03-13T13:43:48Z
26.8468683,75.7516550,2022-03-13T13:43:49Z
26.8468733,75.7516750,2022-03-13T13:43:50Z
26.8468850,75.7516933,2022-03-13T13:43:51Z
26.8468950,75.7517100,2022-03-13T13:43:52Z
26.8469083,75.7517250,2022-03-13T13:43:53Z
26.8469217,75.7517400,2022-03-13T13:43:54Z
26.8469350,75.7517500,2022-03-13T13:43:55Z
26.8469500,75.7517567,2022-03-13T13:43:56Z
26.8469683,75.7517633,2022-03-13T13:43:57Z
26.8469950,75.7517700,2022-03-13T13:43:58Z
26.8470250,75.7517800,2022-03-13T13:43:59Z
26.8470583,75.7517917,2022-03-13T13:44:00Z
26.8470950,75.7518033,2022-03-13T13:44:01Z
26.8471367,75.7518183,2022-03-13T13:44:02Z
26.8471833,75.7518350,2022-03-13T13:44:03Z
26.8472400,75.7518617,2022-03-13T13:44:04Z
26.8473150,75.7518933,2022-03-13T13:44:05Z
26.8473967,75.7519367,2022-03-13T13:44:06Z
26.8474717,75.7519783,2022-03-13T13:44:07Z
26.8475350,75.7520100,2022-03-13T13:44:08Z
26.8475933,75.7520333,2022-03-13T13:44:09Z
26.8476400,75.7520600,2022-03-13T13:44:10Z
26.8476733,75.7520850,2022-03-13T13:44:11Z
26.8477117,75.7521100,2022-03-13T13:44:12Z
26.8477483,75.7521333,2022-03-13T13:44:13Z
26.8477850,75.7521500,2022-03-13T13:44:14Z
26.8478217,75.7521733,2022-03-13T13:44:15Z
26.8478617,75.7521950,2022-03-13T13:44:16Z
26.8478917,75.7522267,2022-03-13T13:44:17Z
26.8479283,75.7522633,2022-03-13T13:44:18Z
26.8479633,75.7523000,2022-03-13T13:44:19Z
26.8479967,75.7523350,2022-03-13T13:44:20Z
26.8480233,75.7523650,2022-03-13T13:44:21Z
26.8480517,75.7523900,2022-03-13T13:44:22Z
26.8480800,75.7524167,2022-03-13T13:44:23Z
26.8481117,75.7524400,2022-03-13T13:44:24Z
26.8481483,75.7524700,2022-03-13T13:44:25Z
26.8481833,75.7524983,2022-03-13T13:44:26Z
26.8482200,75.7525200,2022-03-13T13:44:27Z
26.8482567,75.7525400,2022-03-13T13:44:28Z
26.8482883,75.7525583,2022-03-13T13:44:29Z
26.8483150,75.7525783,2022-03-13T13:44:30Z
26.8483417,75.7526083,2022-03-13T13:44:31Z
26.8483733,75.7526400,2022-03-13T13:44:32Z
26.8484083,75.7526800,2022-03-13T13:44:33Z
26.8484617,75.7527183,2022-03-13T13:44:34Z
26.8485300,75.7527550,2022-03-13T13:44:35Z
26.8486150,75.7527983,2022-03-13T13:44:36Z
26.8487150,75.7528583,2022-03-13T13:44:37Z
26.8488233,75.7529317,2022-03-13T13:44:38Z
26.8489200,75.7530067,2022-03-13T13:44:39Z
26.8490183,75.7530867,2022-03-13T13:44:40Z
26.8491150,75.7531650,2022-03-13T13:44:41Z
26.8492150,75.7532500,2022-03-13T13:44:42Z
26.8493150,75.7533367,2022-03-13T13:44:43Z
26.8494167,75.7534233,2022-03-13T13:44:44Z
26.8495183,75.7535167,2022-03-13T13:44:45Z
26.8496233,75.7536183,2022-03-13T13:44:46Z
26.8497300,75.7537150,2022-03-13T13:44:47Z
26.8498433,75.7538083,2022-03-13T13:44:48Z
26.8499517,75.7538917,2022-03-13T13:44:49Z
26.8500517,75.7539783,2022-03-13T13:44:50Z
26.8501417,75.7540583,2022-03-13T13:44:51Z
26.8502267,75.7541333,2022-03-13T13:44:52Z
26.8503117,75.7542050,2022-03-13T13:44:53Z
26.8503900,75.7542600,2022-03-13T13:44:54Z
26.8504667,75.7543217,2022-03-13T13:44:55Z
26.8505383,75.7543867,2022-03-13T13:44:56Z
26.8506017,75.7544533,2022-03-13T13:44:57Z
26.8506600,75.7545133,2022-03-13T13:44:58Z
26.8507050,75.7545650,2022-03-13T13:44:59Z
26.8507433,75.7546050,2022-03-13T13:45:00Z
26.8507733,75.7546367,2022-03-13T13:45:01Z
26.8507983,75.7546650,2022-03-13T13:45:02Z
26.8508233,75.7546917,2022-03-13T13:45:03Z
26.8508500,75.7547267,2022-03-13T13:45:04Z
26.8508767,75.7547600,2022-03-13T13:45:05Z
26.8509067,75.7548017,2022-03-13T13:45:06Z
26.8509517,75.7548350,2022-03-13T13:45:07Z
26.8510050,75.7548700,2022-03-13T13:45:08Z
26.8510667,75.7549117,2022-03-13T13:45:09Z
26.8511300,75.7549600,2022-03-13T13:45:10Z
26.8512000,75.7550183,2022-03-13T13:45:11Z
26.8512783,75.7550800,2022-03-13T13:45:12Z
26.8513650,75.7551483,2022-03-13T13:45:13Z
26.8514600,75.7552233,2022-03-13T13:45:14Z
26.8515617,75.7552950,2022-03-13T13:45:15Z
26.8516650,75.7553700,2022-03-13T13:45:16Z
26.8517667,75.7554483,2022-03-13T13:45:17Z
26.8518633,75.7555233,2022-03-13T13:45:18Z
26.8519533,75.7555950,2022-03-13T13:45:19Z
26.8520400,75.7556633,2022-03-13T13:45:20Z
26.8521267,75.7557217,2022-03-13T13:45:21Z
26.8522217,75.7557750,2022-03-13T13:45:22Z
26.8523133,75.7558033,2022-03-13T13:45:23Z
26.8524167,75.7558167,2022-03-13T13:45:24Z
26.8525133,75.7558100,2022-03-13T13:45:25Z
26.8526183,75.7557950,2022-03-13T13:45:26Z
26.8527267,75.7557817,2022-03-13T13:45:27Z
26.8528350,75.7557683,2022-03-13T13:45:28Z
26.8529500,75.7557783,2022-03-13T13:45:29Z
26.8530700,75.7558017,2022-03-13T13:45:30Z
26.8531717,75.7558417,2022-03-13T13:45:31Z
26.8532667,75.7559050,2022-03-13T13:45:32Z
26.8533617,75.7559817,2022-03-13T13:45:33Z
26.8534683,75.7560583,2022-03-13T13:45:34Z
26.8535867,75.7561333,2022-03-13T13:45:35Z
26.8537117,75.7562200,2022-03-13T13:45:36Z
26.8538450,75.7563150,2022-03-13T13:45:37Z
26.8539800,75.7564067,2022-03-13T13:45:38Z
26.8541017,75.7564950,2022-03-13T13:45:39Z
26.8542250,75.7565800,2022-03-13T13:45:40Z
26.8543433,75.7566667,2022-03-13T13:45:41Z
26.8544533,75.7567533,2022-03-13T13:45:42Z
26.8545533,75.7568300,2022-03-13T13:45:43Z
26.8546567,75.7569117,2022-03-13T13:45:44Z
26.8547617,75.7569917,2022-03-13T13:45:45Z
26.8548583,75.7570567,2022-03-13T13:45:46Z
26.8549567,75.7571167,2022-03-13T13:45:47Z
26.8550467,75.7571750,2022-03-13T13:45:48Z
26.8551350,75.7572350,2022-03-13T13:45:49Z
26.8552217,75.7573000,2022-03-13T13:45:50Z
26.8553067,75.7573667,2022-03-13T13:45:51Z
26.8553917,75.7574333,2022-03-13T13:45:52Z
26.8554833,75.7575050,2022-03-13T13:45:53Z
26.8555717,75.7575717,2022-03-13T13:45:54Z
26.8556650,75.7576400,2022-03-13T13:45:55Z
26.8557617,75.7577117,2022-03-13T13:45:56Z
26.8558583,75.7577817,2022-03-13T13:45:57Z
26.8559567,75.7578467,2022-03-13T13:45:58Z
26.8560483,75.7579117,2022-03-13T13:45:59Z
26.8561333,75.7579700,2022-03-13T13:46:00Z
26.8562200,75.7580183,2022-03-13T13:46:01Z
26.8562983,75.7580600,2022-03-13T13:46:02Z
26.8563500,75.7581067,2022-03-13T13:46:03Z
26.8563900,75.7581383,2022-03-13T13:46:04Z
26.8564217,75.7581767,2022-03-13T13:46:05Z
26.8564467,75.7581967,2022-03-13T13:46:06Z
26.8564583,75.7582083,2022-03-13T13:46:07Z
26.8564600,75.7582100,2022-03-13T13:46:08Z
26.8564583,75.7582100,2022-03-13T13:46:09Z
26.8564583,75.7582100,2022-03-13T13:46:10Z
26.8564583,75.7582100,2022-03-13T13:46:11Z
26.8564583,75.7582100,2022-03-13T13:46:12Z
26.8564583,75.7582100,2022-03-13T13:46:13Z
26.8564583,75.7582100,2022-03-13T13:46:14Z
26.8564583,75.7582100,2022-03-13T13:46:15Z
26.8564583,75.7582100,2022-03-13T13:46:16Z
26.8564583,75.7582100,2022-03-13T13:46:17Z
26.8564583,75.7582100,2022-03-13T13:46:18Z
26.8564717,75.7582333,2022-03-13T13:46:19Z
26.8564900,75.7582683,2022-03-13T13:46:20Z
26.8565133,75.7583133,2022-03-13T13:46:21Z
26.8565250,75.7583617,2022-03-13T13:46:22Z
26.8565283,75.7583983,2022-03-13T13:46:23Z
26.8565300,75.7584350,2022-03-13T13:46:24Z
26.8565383,75.7584767,2022-03-13T13:46:25Z
26.8565400,75.7585217,2022-03-13T13:46:26Z
26.8565467,75.7585700,2022-03-13T13:46:27Z
26.8565583,75.7586233,2022-03-13T13:46:28Z
26.8565800,75.7586750,2022-03-13T13:46:29Z
26.8566083,75.7587367,2022-03-13T13:46:30Z
26.8566417,75.7588017,2022-03-13T13:46:31Z
26.8566950,75.7588750,2022-03-13T13:46:32Z
26.8567567,75.7589450,2022-03-13T13:46:33Z
26.8568333,75.7590233,2022-03-13T13:46:34Z
26.8569050,75.7591050,2022-03-13T13:46:35Z
26.8569850,75.7591883,2022-03-13T13:46:36Z
26.8570700,75.7592850,2022-03-13T13:46:37Z
26.8571583,75.7593867,2022-03-13T13:46:38Z
26.8572483,75.7594917,2022-03-13T13:46:39Z
26.8573483,75.7596000,2022-03-13T13:46:40Z
26.8574483,75.7597067,2022-03-13T13:46:41Z
26.8575467,75.7598067,2022-03-13T13:46:42Z
26.8576500,75.7599117,2022-03-13T13:46:43Z
26.8577550,75.7600333,2022-03-13T13:46:44Z
26.8578617,75.7601533,2022-03-13T13:46:45Z
26.8579733,75.7602667,2022-03-13T13:46:46Z
26.8580817,75.7603917,2022-03-13T13:46:47Z
26.8581900,75.7605167,2022-03-13T13:46:48Z
26.8582883,75.7606267,2022-03-13T13:46:49Z
26.8583633,75.7607217,2022-03-13T13:46:50Z
26.8584317,75.7607950,2022-03-13T13:46:51Z
26.8584917,75.7608383,2022-03-13T13:46:52Z
26.8585333,75.7608733,2022-03-13T13:46:53Z
26.8585717,75.7608883,2022-03-13T13:46:54Z
26.8586083,75.7608933,2022-03-13T13:46:55Z
26.8586483,75.7608683,2022-03-13T13:46:56Z
26.8586867,75.7608333,2022-03-13T13:46:57Z
26.8587150,75.7607917,2022-03-13T13:46:58Z
26.8587400,75.7607600,2022-03-13T13:46:59Z
26.8587567,75.7607450,2022-03-13T13:47:00Z
26.8587667,75.7607350,2022-03-13T13:47:01Z
26.8587767,75.7607250,2022-03-13T13:47:02Z
26.8587817,75.7607167,2022-03-13T13:47:03Z
26.8587917,75.7607050,2022-03-13T13:47:04Z
26.8588133,75.7606850,2022-03-13T13:47:05Z
26.8588400,75.7606567,2022-03-13T13:47:06Z
26.8588717,75.7606183,2022-03-13T13:47:07Z
26.8589133,75.7605800,2022-03-13T13:47:08Z
26.8589617,75.7605400,2022-03-13T13:47:09Z
26.8590133,75.7604900,2022-03-13T13:47:10Z
26.8590783,75.7604383,2022-03-13T13:47:11Z
26.8591350,75.7603817,2022-03-13T13:47:12Z
26.8591867,75.7603350,2022-03-13T13:47:13Z
26.8592267,75.7602950,2022-03-13T13:47:14Z
26.8592500,75.7602700,2022-03-13T13:47:15Z
26.8592733,75.7602383,2022-03-13T13:47:16Z
26.8593000,75.7602067,2022-03-13T13:47:17Z
26.8593350,75.7601683,2022-03-13T13:47:18Z
26.8593733,75.7601183,2022-03-13T13:47:19Z
26.8594117,75.7600750,2022-03-13T13:47:20Z
26.8594450,75.7600383,2022-03-13T13:47:21Z
26.8594800,75.7600050,2022-03-13T13:47:22Z
26.8595083,75.7599683,2022-03-13T13:47:23Z
26.8595367,75.7599517,2022-03-13T13:47:24Z
26.8595583,75.7599400,2022-03-13T13:47:25Z
26.8595717,75.7599267,2022-03-13T13:47:26Z
26.8595833,75.7599217,2022-03-13T13:47:27Z
26.8595950,75.7599200,2022-03-13T13:47:28Z
26.8596033,75.7599183,2022-03-13T13:47:29Z
26.8596167,75.7599083,2022-03-13T13:47:30Z
26.8596283,75.7598983,2022-03-13T13:47:31Z
26.8596417,75.7598883,2022-03-13T13:47:32Z
26.8596500,75.7598867,2022-03-13T13:47:33Z
26.8596583,75.7598733,2022-03-13T13:47:34Z
26.8596717,75.7598517,2022-03-13T13:47:35Z
26.8596917,75.7598233,2022-03-13T13:47:36Z
26.8597133,75.7597850,2022-03-13T13:47:37Z
26.8597317,75.7597583,2022-03-13T13:47:38Z
26.8597500,75.7597317,2022-03-13T13:47:39Z
26.8597683,75.7597117,2022-03-13T13:47:40Z
26.8597867,75.7596950,2022-03-13T13:47:41Z
26.8598000,75.7596933,2022-03-13T13:47:42Z
26.8598167,75.7596933,2022-03-13T13:47:43Z
26.8598250,75.7596933,2022-03-13T13:47:44Z
26.8598367,75.7596950,2022-03-13T13:47:45Z
26.8598417,75.7596950,2022-03-13T13:47:46Z
26.8598417,75.7596950,2022-03-13T13:47:47Z
26.8598417,75.7596950,2022-03-13T13:47:48Z
26.8598417,75.7596950,2022-03-13T13:47:49Z
26.8598417,75.7596950,2022-03-13T13:47:50Z
26.8598783,75.7597317,2022-03-13T13:47:51Z
26.8598867,75.7597367,2022-03-13T13:47:52Z
26.8598883,75.7597383,2022-03-13T13:47:53Z
26.8598883,75.7597367,2022-03-13T13:47:54Z
26.8598883,75.7597367,2022-03-13T13:47:55Z
26.8598883,75.7597367,2022-03-13T13:47:56Z
26.8598883,75.7597367,2022-03-13T13:47:57Z
26.8598883,75.7597367,2022-03-13T13:47:58Z
26.8599233,75.7597650,2022-03-13T13:47:59Z
26.8599333,75.7597867,2022-03-13T13:48:00Z
26.8599433,75.7598183,2022-03-13T13:48:01Z
26.8599567,75.7598433,2022-03-13T13:48:02Z
26.8599733,75.7598733,2022-03-13T13:48:03Z
26.8599900,75.7599017,2022-03-13T13:48:04Z
26.8600033,75.7599250,2022-03-13T13:48:05Z
26.8600150,75.7599433,2022-03-13T13:48:06Z
26.8600317,75.7599617,2022-03-13T13:48:07Z
26.8600450,75.7599733,2022-03-13T13:48:08Z
26.8600583,75.7599833,2022-03-13T13:48:09Z
26.8600683,75.7599817,2022-03-13T13:48:10Z
26.8600750,75.7599900,2022-03-13T13:48:11Z
26.8600817,75.7600017,2022-03-13T13:48:12Z
26.8600883,75.7600150,2022-03-13T13:48:13Z
26.8601000,75.7600267,2022-03-13T13:48:14Z
26.8601100,75.7600433,2022-03-13T13:48:15Z
26.8601183,75.7600617,2022-03-13T13:48:16Z
26.8601267,75.7600783,2022-03-13T13:48:17Z
26.8601333,75.7600950,2022-03-13T13:48:18Z
26.8601417,75.7601050,2022-03-13T13:48:19Z
26.8601517,75.7601083,2022-03-13T13:48:20Z
26.8601617,75.7601150,2022-03-13T13:48:21Z
26.8601700,75.7601267,2022-03-13T13:48:22Z
26.8601750,75.7601350,2022-03-13T13:48:23Z
26.8601750,75.7601517,2022-03-13T13:48:24Z
26.8601817,75.7601583,2022-03-13T13:48:25Z
26.8601850,75.7601683,2022-03-13T13:48:26Z
26.8601933,75.7601817,2022-03-13T13:48:27Z
26.8602000,75.7601833,2022-03-13T13:48:28Z
26.8602033,75.7601800,2022-03-13T13:48:29Z
26.8602067,75.7601783,2022-03-13T13:48:30Z
26.8602067,75.7601783,2022-03-13T13:48:31Z
26.8602067,75.7601783,2022-03-13T13:48:32Z
26.8602067,75.7601783,2022-03-13T13:48:33Z
26.8602067,75.7601783,2022-03-13T13:48:34Z
26.8602067,75.7601783,2022-03-13T13:48:35Z
26.8602067,75.7601783,2022-03-13T13:48:36Z
26.8602067,75.7601783,2022-03-13T13:48:37Z
26.8602067,75.7601783,2022-03-13T13:48:38Z
26.8602067,75.7601783,2022-03-13T13:48:39Z
26.8602067,75.7601783,2022-03-13T13:48:40Z
26.8602067,75.7601783,2022-03-13T13:48:41Z
26.8602067,75.7601783,2022-03-13T13:48:42Z
26.8602067,75.7601783,2022-03-13T13:48:43Z
26.8602317,75.7602150,2022-03-13T13:48:44Z
26.8602500,75.7602383,2022-03-13T13:48:45Z
26.8602750,75.7602567,2022-03-13T13:48:46Z
26.8602933,75.7602783,2022-03-13T13:48:47Z
26.8603050,75.7602867,2022-03-13T13:48:48Z
26.8603150,75.7603017,2022-03-13T13:48:49Z
26.8603167,75.7603200,2022-03-13T13:48:50Z
26.8603217,75.7603350,2022-03-13T13:48:51Z
26.8603267,75.7603367,2022-03-13T13:48:52Z
26.8603350,75.7603383,2022-03-13T13:48:53Z
26.8603350,75.7603383,2022-03-13T13:48:54Z
26.8603350,75.7603383,2022-03-13T13:48:55Z
26.8603350,75.7603383,2022-03-13T13:48:56Z
26.8603350,75.7603383,2022-03-13T13:48:57Z
26.8603350,75.7603383,2022-03-13T13:48:58Z
26.8603350,75.7603383,2022-03-13T13:48:59Z
