evidence_id,value,class_raw,category,source,confidence,timestamp,lat,lon,image_filename,image_source_provider,model_name,note
ev_000001,streetlight_lit_heuristic,,lighting,cv_model,0.5116,2026-09-21T17:28:00Z,21.185367,72.810656,surat_commons_000.jpg,wikimedia_commons,brightness_heuristic,"mean pixel luminance of full frame, used only to qualify lit/dark, not a learned model"
ev_000002,open_establishment,"car,motorcycle,person",commercial,cv_model,0.5583,2026-09-21T17:28:00Z,21.185367,72.810656,surat_commons_000.jpg,wikimedia_commons,yolov8n+heuristic,clustering of >=3 people/vehicles/street-furniture detections used as a proxy for active open establishment/foot traffic (COCO has no shop/storefront class)
ev_000003,visibility_barrier,truck,visibility,cv_model,0.5276,2026-09-21T17:28:00Z,21.164108333333,72.778441666667,surat_commons_001.JPG,wikimedia_commons,yolov8n,large static object (truck) treated as potential sightline obstruction
ev_000004,streetlight_lit_heuristic,,lighting,cv_model,0.5687,2026-09-21T17:28:00Z,21.164108333333,72.778441666667,surat_commons_001.JPG,wikimedia_commons,brightness_heuristic,"mean pixel luminance of full frame, used only to qualify lit/dark, not a learned model"
ev_000005,streetlight_lit_heuristic,,lighting,cv_model,0.4868,2026-09-21T17:28:01Z,21.165377777778,72.781565472222,surat_commons_002.jpg,wikimedia_commons,brightness_heuristic,"mean pixel luminance of full frame, used only to qualify lit/dark, not a learned model"
ev_000006,streetlight_lit_heuristic,,lighting,cv_model,0.6843,2026-09-21T17:28:01Z,21.194535,72.83192,surat_commons_003.jpg,wikimedia_commons,brightness_heuristic,"mean pixel luminance of full frame, used only to qualify lit/dark, not a learned model"
ev_000007,open_establishment,person,commercial,cv_model,0.754,2026-09-21T17:28:01Z,21.194535,72.83192,surat_commons_003.jpg,wikimedia_commons,yolov8n+heuristic,clustering of >=3 people/vehicles/street-furniture detections used as a proxy for active open establishment/foot traffic (COCO has no shop/storefront class)
ev_000008,streetlight,traffic light,lighting,cv_model,0.3402,2026-09-21T17:28:01Z,21.205203,72.840123,surat_commons_004.jpg,wikimedia_commons,yolov8n,traffic_light class used as roadside-infrastructure/lighting proxy (COCO has no streetlight class)
ev_000009,streetlight_lit_heuristic,,lighting,cv_model,0.6239,2026-09-21T17:28:01Z,21.205203,72.840123,surat_commons_004.jpg,wikimedia_commons,brightness_heuristic,"mean pixel luminance of full frame, used only to qualify lit/dark, not a learned model"
ev_000010,open_establishment,"car,motorcycle,person",commercial,cv_model,0.5538,2026-09-21T17:28:01Z,21.205203,72.840123,surat_commons_004.jpg,wikimedia_commons,yolov8n+heuristic,clustering of >=3 people/vehicles/street-furniture detections used as a proxy for active open establishment/foot traffic (COCO has no shop/storefront class)
ev_000011,streetlight_lit_heuristic,,lighting,cv_model,0.455,2026-09-21T17:28:01Z,21.194656,72.833814,surat_commons_005.jpg,wikimedia_commons,brightness_heuristic,"mean pixel luminance of full frame, used only to qualify lit/dark, not a learned model"
ev_000012,visibility_barrier,truck,visibility,cv_model,0.6135,2026-09-21T17:28:01Z,21.1965637207,72.8602371216,surat_commons_006.jpg,wikimedia_commons,yolov8n,large static object (truck) treated as potential sightline obstruction
ev_000013,streetlight_lit_heuristic,,lighting,cv_model,0.5145,2026-09-21T17:28:01Z,21.1965637207,72.8602371216,surat_commons_006.jpg,wikimedia_commons,brightness_heuristic,"mean pixel luminance of full frame, used only to qualify lit/dark, not a learned model"
ev_000014,open_establishment,"car,motorcycle,person",commercial,cv_model,0.5237,2026-09-21T17:28:01Z,21.1965637207,72.8602371216,surat_commons_006.jpg,wikimedia_commons,yolov8n+heuristic,clustering of >=3 people/vehicles/street-furniture detections used as a proxy for active open establishment/foot traffic (COCO has no shop/storefront class)
ev_000015,visibility_barrier,bench,visibility,cv_model,0.2538,2026-09-21T17:28:02Z,21.244472,72.819657,surat_commons_007.jpg,wikimedia_commons,yolov8n,large static object (bench) treated as potential sightline obstruction
ev_000016,streetlight_lit_heuristic,,lighting,cv_model,0.4742,2026-09-21T17:28:02Z,21.244472,72.819657,surat_commons_007.jpg,wikimedia_commons,brightness_heuristic,"mean pixel luminance of full frame, used only to qualify lit/dark, not a learned model"
ev_000017,streetlight_lit_heuristic,,lighting,cv_model,0.5388,2026-09-21T17:28:02Z,21.165468194444,72.783256527778,surat_commons_008.jpg,wikimedia_commons,brightness_heuristic,"mean pixel luminance of full frame, used only to qualify lit/dark, not a learned model"
ev_000018,streetlight_lit_heuristic,,lighting,cv_model,0.582,2026-09-21T17:28:02Z,21.206915,72.890941,surat_commons_009.jpg,wikimedia_commons,brightness_heuristic,"mean pixel luminance of full frame, used only to qualify lit/dark, not a learned model"
ev_000019,streetlight_lit_heuristic,,lighting,cv_model,0.441,2026-09-21T17:28:02Z,21.207363888889,72.796125,surat_commons_010.jpg,wikimedia_commons,brightness_heuristic,"mean pixel luminance of full frame, used only to qualify lit/dark, not a learned model"
ev_000020,visibility_barrier,,visibility,cv_model,0.4854,2026-09-21T17:28:02Z,21.207363888889,72.796125,surat_commons_010.jpg,wikimedia_commons,edge_density_heuristic,high edge density across frame used as a proxy for dense structural clutter/solid barriers (COCO has no wall/fence class)
ev_000021,streetlight_lit_heuristic,,lighting,cv_model,0.5043,2026-09-21T17:28:02Z,21.202864,72.800053,surat_commons_011.jpg,wikimedia_commons,brightness_heuristic,"mean pixel luminance of full frame, used only to qualify lit/dark, not a learned model"
ev_000022,visibility_barrier,truck,visibility,cv_model,0.3944,2026-09-21T17:28:02Z,21.2038345337,72.840057373,surat_commons_012.jpg,wikimedia_commons,yolov8n,large static object (truck) treated as potential sightline obstruction
ev_000023,visibility_barrier,truck,visibility,cv_model,0.3204,2026-09-21T17:28:02Z,21.2038345337,72.840057373,surat_commons_012.jpg,wikimedia_commons,yolov8n,large static object (truck) treated as potential sightline obstruction
ev_000024,streetlight_lit_heuristic,,lighting,cv_model,0.4758,2026-09-21T17:28:02Z,21.2038345337,72.840057373,surat_commons_012.jpg,wikimedia_commons,brightness_heuristic,"mean pixel luminance of full frame, used only to qualify lit/dark, not a learned model"
ev_000025,open_establishment,"car,motorcycle,person",commercial,cv_model,0.6672,2026-09-21T17:28:02Z,21.2038345337,72.840057373,surat_commons_012.jpg,wikimedia_commons,yolov8n+heuristic,clustering of >=3 people/vehicles/street-furniture detections used as a proxy for active open establishment/foot traffic (COCO has no shop/storefront class)
ev_000026,streetlight_lit_heuristic,,lighting,cv_model,0.5822,2026-09-21T17:28:02Z,21.169425,72.851725,surat_commons_013.jpg,wikimedia_commons,brightness_heuristic,"mean pixel luminance of full frame, used only to qualify lit/dark, not a learned model"
ev_000027,streetlight_lit_heuristic,,lighting,cv_model,0.5735,2026-09-21T17:28:03Z,21.169528,72.851633,surat_commons_014.jpg,wikimedia_commons,brightness_heuristic,"mean pixel luminance of full frame, used only to qualify lit/dark, not a learned model"
ev_000028,streetlight_dark_heuristic,,lighting,cv_model,0.3389,2026-09-21T17:28:03Z,21.170511,72.851072,surat_commons_015.jpg,wikimedia_commons,brightness_heuristic,"mean pixel luminance of full frame, used only to qualify lit/dark, not a learned model"
ev_000029,streetlight_lit_heuristic,,lighting,cv_model,0.5785,2026-09-21T17:28:03Z,21.170706,72.850803,surat_commons_016.jpg,wikimedia_commons,brightness_heuristic,"mean pixel luminance of full frame, used only to qualify lit/dark, not a learned model"
ev_000030,streetlight_lit_heuristic,,lighting,cv_model,0.4575,2026-09-21T17:28:04Z,21.232965888889,72.854811472222,surat_commons_017.jpg,wikimedia_commons,brightness_heuristic,"mean pixel luminance of full frame, used only to qualify lit/dark, not a learned model"
ev_000031,streetlight_dark_heuristic,,lighting,cv_model,0.1622,2026-09-21T17:28:04Z,21.143980444444,72.757933388889,surat_commons_018.jpg,wikimedia_commons,brightness_heuristic,"mean pixel luminance of full frame, used only to qualify lit/dark, not a learned model"
ev_000032,streetlight_dark_heuristic,,lighting,cv_model,0.2167,2026-09-21T17:28:04Z,21.143959333333,72.757887194444,surat_commons_019.jpg,wikimedia_commons,brightness_heuristic,"mean pixel luminance of full frame, used only to qualify lit/dark, not a learned model"
