"osm_id","lat","lon","name","amenity","shop","opening_hours","phone"
"2629356573","21.1361303","72.7511307","The Grand Bhagwati (TGB)","restaurant",,,
"2629371913","21.1983247","72.8194544","Chowk Bazar Police Station (Furja)","police",,,
"2630733329","21.1643768","72.7860194","Canteen","cafe",,,
"2630750312","21.1399347","72.7522692","Dispensary","hospital",,,
"2630973214","21.1648314","72.7803298","Piplod Police Chowki","police",,,
"2632034970","21.1577547","72.7690457","Domino's Pizaa","restaurant",,,
"2632034999","21.1598834","72.7728759","Yoko Sizzler","restaurant",,,
"2632035005","21.1604362","72.7741339","Sizzling Salsa","restaurant",,,
"2632141322","21.1712182","72.7893442","Barbeque Nation","restaurant",,,
"2632141386","21.1711832","72.7893335","Wok On Fire","restaurant",,,
"2632141397","21.1712682","72.7894140","Cafe Coffee Day","cafe",,,
"2805132405","21.1788591","72.8108678","Gokulam Dairy","cafe",,"10:00-20:00",
"2805154068","21.1759376","72.8099601","Cafe Coffee Day","cafe",,"10:00-24:00",
"3205803327","21.1970691","72.8015788","adarsh","restaurant",,,
"3205803328","21.1997395","72.8012268","cafe coffeee","cafe",,,
"3217044374","21.2370400","72.8150304","sheetal hospital","hospital",,,
"3217044437","21.2369000","72.8105028","dokla cafe","cafe",,,
"3655463848","21.1841759","72.8139384","Smt. R. B. Shah Mahavir Super Speciality Hospital / Shri Bachubhai Dahyabhai Mehta Mahavir Heart Institute","hospital",,,
"4294695462","21.2102322","72.7859044","Jay Jalaram Khaman House","restaurant",,,
"4436381093","21.1579104","72.7694641","tadka n tapas","restaurant",,"Mo-Su 11:30-15:30, 18:30-00:00","+91 261 400 4321"
"4448825892","21.2052822","72.8046516","Zainab Memorial Hospital","hospital",,,
"4469973891","21.1689912","72.8300864","Digital Printer","police",,,"00912612631253"
"4586701789","21.1580150","72.7690396","Black Pepper","restaurant",,,
"4771172623","21.1679578","72.7846624","Anna's Kitchen","restaurant",,"Mo-Su 17:00-23:30","+919722222276"
"5593928553","21.2047685","72.8394469","Hindustan Petroleum","fuel",,,
"5596435395","21.1702792","72.7892666","kiara spa",,"supermarket",,
"6046844185","21.2138756","72.7713871","Raj World",,"supermarket",,
"6181546667","21.2092610","72.8478000","Gitanjali petrol pump","fuel",,,
"6188286349","21.2059920","72.8600006","Torrent àªŸà«‹àª°à«‡àª¨à«àªŸ","pharmacy",,,
"6188286350","21.2041375","72.8594231","Torrent Power Substation àªŸà«‹àª°à«‡àª¨à«àªŸ àªªàª¾àªµàª° àª¸àª¬àª¸à«àªŸà«‡àª¶àª¨","pharmacy",,,
"6190442922","21.2131988","72.8840563","D.S. dhosa","restaurant",,,
"6190444675","21.2133764","72.8815738","Patel fastfood","restaurant",,,
"6190467274","21.2136445","72.8857740","Dhiraj sons",,"supermarket",,
"6190594152","21.2113993","72.8899837","sanidhya hospital","hospital",,,
"6391518940","21.1733701","72.7935489","Rekhaben's namkeen","restaurant",,,
"6885263214","21.1997176","72.8247576",,,"supermarket",,
"6968312297","21.2126904","72.7930652","Urvi Eye Hospital","hospital",,,
"6968357043","21.2202773","72.8325172","Gopi Children Hospital","hospital",,,
"6968375105","21.2063841","72.8375871","Jivani Orthopaedic Hospital","hospital",,,
"6968406114","21.1572996","72.7783949","Piplod Multispeciality Hospital Pvt. Ltd.","hospital",,,
"6968440404","21.1677348","72.7782917","DWTI - Prabhu General Hospital and Bankers Heart Institute","hospital",,,
"6968717498","21.1851558","72.8122222","Tender Touch Childrens Hospital and Neonatal Unit","hospital",,,
"6968717526","21.1524368","72.8325668","Verma Children Hospital","hospital",,,
"6968717612","21.1748910","72.8365264","Khushabu Hospital","hospital",,,
"6968859262","21.2063116","72.8393367","Shreyans Ano-Rectal and Day-Care Hospital","hospital",,,
"6968861292","21.1658104","72.7956163","Healing Hands Hospital","hospital",,"24/7","+91-97127-17557"
"6968861324","21.1989466","72.8324602","Urmil Heart and Lung Centre, Surat","hospital",,,
"6969601207","21.1774952","72.7962993","Dr. Sachdev Eye Hospital","hospital",,,
"6970000784","21.2158010","72.8231297","Shree Prannath Hospital, Surat","hospital",,,
"6970016152","21.1980588","72.8344490","Burhani Hospital","hospital",,,
"6970074032","21.1851177","72.8209810","Asutosh Hospital","hospital",,,
"6970150661","21.2062885","72.8375664","Dhameliya Kidney Hospital and Lithotripsy Centre","hospital",,,
"6970231330","21.2018324","72.7823934","Shree Hari Om General Hospital and Maternity Home","hospital",,,
"6970274065","21.2134550","72.7924919","Astitva Orthopaedic and Medical Hospital","hospital",,,
"6970454659","21.1724073","72.8397625","Eye-Q Super Speciality Eye Hospitals, Udhana","hospital",,,
"6970461966","21.1829991","72.8315758","Apple Hospital","hospital",,,
"6970498540","21.1698230","72.7893178","New City Hospital and Polyclinic","hospital",,,
"6970512534","21.1961714","72.7848067","New Tech Surgical Hospital & Physio Care Centre","hospital",,,
"6970527023","21.2056368","72.8365082","Harikrishna Hospital","hospital",,,
"6970536532","21.1810242","72.8187789","Shreyash Hospital","hospital",,,
"6970556074","21.2208111","72.8737856","P.P.Savani Heart Institute and Multispeciality Hospital","hospital",,,
"6970556546","21.2071543","72.8385179","Navin Orthopaedic And Trauma Centre","hospital",,,
"6970635475","21.1851508","72.8207731","Happy and Healthy Hospital","hospital",,,
"6970646274","21.2082327","72.7942139","Maa `N` Baby Hospital","hospital",,,
"6970646968","21.2147652","72.8606844","Sneh Children Hospital","hospital",,,
"6970647010","21.2004870","72.7826683","Divyesh Eye Hospital","hospital",,,
"6970647025","21.1861924","72.8333232","Ashish Eye Hospital","hospital",,,
"6970647030","21.1537876","72.7783573","Maitraiya Multi Speciality Hospital","hospital",,,
"6970647035","21.1837990","72.8193831","Sharda Hospital And Research Centre","hospital",,,
"6970670688","21.1853503","72.8199981","Girish Group Of Hospital","hospital",,,
"6970699145","21.1925984","72.8155784","Arpan Public Charitable Trust","hospital",,,
"6970722854","21.1931398","72.8165607","Dr. Kapse Children Hospital","hospital",,,
"6970741772","21.2102231","72.8311492","Smt. Rasilaben Sevantilal Shah Venus Hospital - Surat","hospital",,,
"6970814591","21.2145952","72.8607219","Navjivan Hospital, Surat","hospital",,,
"6970849770","21.2062991","72.8259055","Babul Hospital","hospital",,,
"6970904390","21.1991229","72.8257647","Raijiwala Eye Hospital","hospital",,,
"6974252918","21.1895986","72.7981500","Baps Pramukh Swami Hospital, Surat","hospital",,,
"6974284635","21.2046381","72.8389692","Nadkarni's 21St Century Hospital Pvt. Ltd.","hospital",,,
"6974306151","21.2023562","72.7850716","Amiti Medical and Maternity Hospital","hospital",,,
"6974332665","21.1889822","72.8616989","Kalp Medical Hospital","hospital",,,
"6974384224","21.1878080","72.8131147","Anand Hospital - Surat","hospital",,,
"6974490388","21.2023262","72.8020419","Rakhe E.N.T. Hospital","hospital",,,
"6974557467","21.1966785","72.8049485","Bhadra Memorial Eye Institute","hospital",,,
"6974772844","21.2001119","72.8048743","Smit Surgical Hospital","hospital",,,
"6974943940","21.1678183","72.8141548","Pals Hospital","hospital",,,
"6974978585","21.2092716","72.7936667","Niraant Hospital","hospital",,,
"6975024748","21.1816703","72.8253034","Shruti Ear, Nose and Throat Hospital","hospital",,,
"6975025228","21.1958807","72.7976954","Lamha Eye Hospital","hospital",,,
"6975249239","21.1949379","72.8007317","Naaz Maternity and Gynaec Hospital","hospital",,,
"6975338512","21.1689176","72.7863684","Saurabh Hospital","hospital",,,
"6975579244","21.1890910","72.8109308","Me And Mummy Hospital and Ivf and Endoscopy Centre","hospital",,,
"6975633415","21.1739680","72.8376006","Pathik Children Hospital","hospital",,,
"6975657013","21.2249876","72.8858710","Pratham Hospital","hospital",,,
"6975695289","21.2057883","72.8363816","Sandhya Hospital and Maternity Home","hospital",,,
"6975741386","21.2023475","72.8009891","Shalby Hospitals Ltd","hospital",,,
"6975823775","21.2060147","72.8376657","Ayushi Icu and Multispeciality Hospital","hospital",,,
"6975837285","21.1842123","72.8197458","Bhavin Eye Hospital","hospital",,,
"6975854549","21.2059959","72.8375933","Suchi Hospital","hospital",,,
"6975855448","21.2077125","72.8394695","Shree Swami Atmanand Saraswati Ayurved Hospital","hospital",,,
"6975858827","21.1818695","72.8263219","Pradip General Hospital","hospital",,,
"6975865071","21.1838100","72.8636940","Grace General Hospital","hospital",,,
"6975868089","21.2064533","72.8286959","Abhishek Surgical Hospital","hospital",,,
"6975868099","21.1934568","72.8364501","Aaram Hospital","hospital",,,
"6975868170","21.1916250","72.8622598","Nilesh Children Hospital","hospital",,,
"6975868215","21.1996439","72.8050376","Parijat Medical Hospital","hospital",,,
"6975868220","21.2146452","72.8608829","Savani Surgical Hospital","hospital",,,
"6975868221","21.2032427","72.8311090","Pinkle Hospital","hospital",,,
"6975868226","21.1971161","72.8258318","Sheth P.T Surat General Hospital","hospital",,,
"6975868262","21.1827613","72.8239696","Shri K P Sanghvi Hospital","hospital",,,
"6976021354","21.1677432","72.8167210","Aayush Medi Care Hospital and Cardiac Center","hospital",,,
"6976079673","21.1662806","72.8133776","Amruta Hospital, Surat","hospital",,,
"6976102823","21.1895538","72.8122390","Pravar Superspeciality Centre","hospital",,,
"6976102879","21.1740833","72.8184466","Shree Guru Nanak Dharmarth Hospital","hospital",,,
"6976116160","21.1987253","72.8366699","Rajat Hospital","hospital",,,
"6976136404","21.2194159","72.7901852","Paritosh orthopaedic hospital","hospital",,,
"6976136410","21.2052857","72.7993476","Patel Medical Hospital","hospital",,,
"6976136420","21.1996818","72.7946565","Varun Kidney Hospital","hospital",,,
"6976524028","21.1896468","72.8833135","Shri Bhartimalya Memorial Foundation (Bharat Cancer Hospital and Nirali Memorial Radiation Centre)","hospital",,,
"6976868727","21.2172681","72.8306195","Ashray Hospital, Surat","hospital",,,
"6977482441","21.2034553","72.7930485","Anmol Eye Hospital","hospital",,,
"6977590430","21.2125498","72.7928366","Nari Hospital","hospital",,,
"6977612383","21.1612611","72.8108919","Mehta Hospital, Surat","hospital",,,
"6977731102","21.2173244","72.8306312","Dhwani Surgical Hospital and Uro-Clinic","hospital",,,
"6977803471","21.1854321","72.8215456","Genesis Hospital and Maternity Home","hospital",,,
"6977861253","21.2236952","72.8236364","Sonani Hospital","hospital",,,
"6978001338","21.1823172","72.8266096","Harsiddhi Cosmetic-Plastic Surgery Hospital","hospital",,,
"6978015223","21.2062335","72.8325836","Suvidha Maternity Home","hospital",,,
"6978019349","21.2018924","72.8023168","Arihant Surgical Hospital","hospital",,,
"6978234912","21.2245316","72.8216502","Life Care Hospital, Surat","hospital",,,
"6978292081","21.1805890","72.8267974","Sita Hospital, Surat","hospital",,,
"6978313385","21.1683536","72.8397753","Trupti Heart and Medical Hospital, Surat","hospital",,,
"6978416545","21.1822272","72.8189385","Sunflower Fertility Endoscopy Centre","hospital",,,
"6978533238","21.1832301","72.8293294","Chiranjiv Hospital","hospital",,,
"6978577852","21.1910529","72.8607541","Aum Orthopaedic and Maternity Hospital","hospital",,,
"6978644060","21.2063585","72.8375249","Param Orthopedic Hospital and Joint Replacement Centre","hospital",,,
"6978661951","21.1967172","72.8292704","Ashirwad Hospital, Surat","hospital",,,
"6978678564","21.2166630","72.8640439","Jivandeep Hospital, Surat","hospital",,,
"6978751421","21.2238840","72.8279266","Kalarav Children Hospital","hospital",,,
"6979160470","21.2158479","72.8638145","Savani Eye Hospital","hospital",,,
"6979166117","21.2044980","72.7991867","Eye Q INDIA","hospital",,,
"6979172738","21.2112758","72.8551336","Kanani Surgical and Laparoscopic Hospital","hospital",,,
"6979245340","21.1576779","72.8431307","Shree Siddhi Vinayak Hospital, Surat","hospital",,,
"6979341894","21.1838566","72.8637562","Bridgecross Hospital","hospital",,,
"6979376711","21.1975712","72.7951165","Parth Hospital, Surat","hospital",,,
"6979386920","21.1918269","72.7882326","Arham Hospital and Icu","hospital",,,
"6979502302","21.1746165","72.8121203","Krupa Orthopaedic Hospital","hospital",,,
"6979632846","21.1981676","72.7916443","Roshan Eye Hospital And Laser Center","hospital",,,
"6979632875","21.1820984","72.8272077","Wadekar Hospital, Surat","hospital",,,
"6979967493","21.2114621","72.8535631","Gunjan Children Hospital, Surat","hospital",,,
"6979967504","21.2034528","72.7934803","Nihar Hospital, Surat","hospital",,,
"6980252891","21.2086365","72.7967016","Love `N` Care Maternity Home","hospital",,,
"6980634268","21.2069424","72.8385629","Gabani Kidney Hospital","hospital",,,
"6981309128","21.1682279","72.8415422","Udhna Hospital Private Limited","hospital",,,
"6981472481","21.1738311","72.8376080","Roopal Hospital","hospital",,,
"6981541210","21.1716914","72.8163904","The Rainbow Hospital","hospital",,,
"6981611155","21.2145670","72.8608648","Sankalp Hospital, Surat","hospital",,,
"6981657447","21.1697767","72.7874574","Sushrut Hospital, Surat","hospital",,,
"6981688137","21.1815519","72.8245376","Nirmal Hospital Pvt.Ltd.","hospital",,,
"6981813910","21.1894611","72.8675938","Shreyal Hospital","hospital",,,
"6981903598","21.1610348","72.8118964","Maheta Hospital","hospital",,,
"6981939832","21.1897181","72.8154054","Rallis Orthopaedic Hospital","hospital",,,
"6981979571","21.1920413","72.8162905","Nupoor General Hospital","hospital",,,
"6982014623","21.2287007","72.8978397","New Life Hospital, Surat","hospital",,,
"6982018429","21.2063847","72.8266042","Mansi Hospital, Surat","hospital",,,
"6982053603","21.1988153","72.8605489","Cure N Care Hospital","hospital",,,
"6982058554","21.1505125","72.7789870","Ankur Children Hospital and Neonatal Nursery","hospital",,,
"6982076267","21.2010472","72.7824444","Medicare Hospital and Icu","hospital",,,
"6982092174","21.2063180","72.8375237","Param Neonatal and Paediatric Intensive Care Unit","hospital",,,
"6982092244","21.1850798","72.8204153","Netrang Eye Hospital and Laser Centre","hospital",,,
"6982158236","21.2115396","72.7938813","Pinak Hospital","hospital",,,
"6982158241","21.2233539","72.8277388","Shraddha Multispeciality Hospital","hospital",,,
"6982197098","21.2155853","72.8301005","Akshar Children Hospital - Surat","hospital",,,
"6982197110","21.2054201","72.7982694","Jaldhi Ano-Rectal Hospital And Panchkarma Centre","hospital",,,
"6982527962","21.1875073","72.8141749","Veragiwala Hospital Critical Care And Diabetes Management Centre","hospital",,,
"6982731910","21.2256236","72.8216636","Mother Care Surgical Hospital","hospital",,,
"6983104378","21.2143651","72.8292355","Shree Gopal Hospital","hospital",,,
"6983606194","21.2204023","72.8749605","Kejal Sarvajanik Hospital","hospital",,,
"6983623769","21.1889247","72.8136505","Kadhiwala Orthopaedic Hospital","hospital",,,
"6983672766","21.2065710","72.8261349","Rujul Childrens Hospital","hospital",,,
"6983710471","21.1813358","72.8188092","Arora Surgical","hospital",,,
"6986279394","21.1916268","72.8623018","Aditya Surgical and Laparoscopy Hospital","hospital",,,
"6986279420","21.1829479","72.8275115","Navsarjan Hospital","hospital",,,
"6986279435","21.1837790","72.8142554","Gandhi Ortho-Care and Physiotherapy","hospital",,,
"6986298997","21.2027976","72.7935232","Sarjan Maternity and Gynec Hospital","hospital",,,
"6986376125","21.1754812","72.8113277","Vidya Eye Hospital","hospital",,,
"6986591559","21.1604307","72.8581162","Dhruv Hospital","hospital",,,
"6986634733","21.2259192","72.8901002","Swastham Hospital","hospital",,,
"6986887248","21.1650156","72.7964173","Muskan Children's Hospital - Surat","hospital",,,
"6987096005","21.1755757","72.8173413","Raj Orthopaedic Hospital","hospital",,,
"6987467496","21.2121785","72.8575650","Sanskar Children Hospital","hospital",,,
"6987724555","21.2036022","72.7941891","Malavia Medical Hospital and I.C.C.U","hospital",,,
"6987724578","21.2053745","72.8360403","Rachna Womens Hospital","hospital",,,
"6987941152","21.1875854","72.8097117","Divyam Hospital, Ring Road","hospital",,,
"6987956862","21.1753005","72.8174901","New Pooja Hospital, Surat","hospital",,,
"6988014216","21.2077251","72.8292048","Hajee A M Lockhat and Dr A M Moolla Sarvajanik Hospital","hospital",,,
"6988114488","21.2024100","72.7849737","Joint Line Orthopeadic Hospital","hospital",,,
"6988130237","21.1896337","72.8650269","Sudeep General Hospital","hospital",,,
"6988329207","21.1620053","72.8096420","Chakshu Eye Hospital","hospital",,,
"6988423127","21.2153628","72.8629750","Shreeji Hospital, Surat","hospital",,,
"6988575085","21.1850070","72.8206927","Ketan Children Hospital","hospital",,,
"6989177902","21.1821934","72.8263347","Asmi Eye Hospital","hospital",,,
"6989196883","21.2110370","72.8396545","Surbhi Hospital and Materanity Home","hospital",,,
"6989218850","21.1781793","72.8202555","Government Medical College and New Civil  Hospital, Surat","hospital",,,
"6989219193","21.1939188","72.7973641","Aakanksha Hospital","hospital",,,
"6989225254","21.2076363","72.8397886","Shani Children HospitalandDental Hospital","hospital",,,
"6990513244","21.2060753","72.8377327","Jeevandeep Oncosurgical Hospital","hospital",,,
"6990819275","21.2111170","72.8268738","Bhakti Hospital and Maternity Home","hospital",,,
"6990963642","21.1897062","72.8676487","Vatsalya Hospital and Maternity Home","hospital",,,
"6991199341","21.1945890","72.8036445","Harsh Hospital and Maternity Home, Surat","hospital",,,
"6993595392","21.2133462","72.8285569","Vishalakshi Netramandip Eye Hospital","hospital",,,
"6993868924","21.2059559","72.8259163","Amardeep Hospital","hospital",,,
"7097548124","21.1750005","72.8013232","Pizza Hut","restaurant",,,
"7097567685","21.1581607","72.7694678","Pizza Hut","restaurant",,,
"7100931277","21.1995812","72.8056846","Indian Oil","fuel",,,
"7100949375","21.1690696","72.7866731","Indian Oil","fuel",,,
"7100993026","21.1983103","72.7835674","Indian Oil","fuel",,,
"7101013410","21.1408996","72.8022370","Indian Oil","fuel",,,
"7101013617","21.1605377","72.7973527","Indian Oil","fuel",,,
"7101016356","21.1712419","72.8400883","Indian Oil","fuel",,,
"7101017396","21.1800958","72.8336081","Indian Oil","fuel",,,
"7101020483","21.1309425","72.8527376","Indian Oil","fuel",,,
"7101040213","21.1121624","72.8603336","Indian Oil","fuel",,,
"7101051790","21.1736330","72.8273102","Indian Oil","fuel",,,
"7101083908","21.1336833","72.8890651","Indian Oil","fuel",,,
"7101097923","21.1108900","72.8381246","Indian Oil","fuel",,,
"7101103614","21.2037723","72.8390151","Indian Oil","fuel",,,
"7101114250","21.1939546","72.8538531","Indian Oil","fuel",,,
"7101118596","21.1909032","72.8717401","Indian Oil","fuel",,,
"7101151021","21.2174351","72.8680366","Indian Oil","fuel",,,
"7101162197","21.2270463","72.8937965","Indian Oil","fuel",,,
"7101234640","21.1422766","72.7908964","Indian Oil","fuel",,,
"7101234641","21.1422065","72.7921732","Indian Oil","fuel",,,
"7101293894","21.2030479","72.8275525","Indian Oil","fuel",,,
"7101298516","21.1708828","72.8506990","Indian Oil","fuel",,,
"7101300029","21.1757550","72.8154118","Indian Oil","fuel",,,
"7101302584","21.1945446","72.8425354","Indian Oil","fuel",,,
"7101304196","21.1787663","72.8439827","Indian Oil","fuel",,,
"7101311089","21.1948820","72.7970238","Indian Oil","fuel",,,
"7101314602","21.1972955","72.8437692","Indian Oil","fuel",,,
"7101340473","21.2208580","72.8732923","Indian Oil","fuel",,,
"7106196777","21.2306163","72.8660789","Shyam Kathiawadi Dhaba","restaurant",,,
"7550895754","21.1913592","72.8581855","Puna Kumbhariya Petrol Pump","fuel",,"Mo-Su 05:30-01:00",
"7590363935","21.1650225","72.8414261","Shadhdha Hospital","hospital",,,
"7590363937","21.1485207","72.8143029","Pearl Children's Hospital","hospital",,,
"7590363938","21.1465370","72.8340920","Smith Hospital","hospital",,,
"7590363940","21.1512480","72.8334750","Shree Sai Hospital & Maternity Home","hospital",,,
"7590363941","21.1751430","72.8379840","Chhaydo Jivanjyot Diagnostic & Health Centre","hospital",,,
"7590363942","21.1285052","72.8554103","Dr. Jain Panchakarma Ayurvedic Hospital","hospital",,,
"7590363943","21.1503302","72.8317758","Dev General Hospital","hospital",,,
"7590363944","21.1503920","72.8319440","Shree Krupa Hospital","hospital",,,
"7590363945","21.1632270","72.8409630","Shree Hospital","hospital",,,
"7590363948","21.1681890","72.8374993","Ashirwad Hospital","hospital",,,
"7590363949","21.1511010","72.8343720","Samvedna Urology Hospital","hospital",,,
"7590363952","21.1511250","72.8338220","Shreya Hospital","hospital",,,
"7590363953","21.1682900","72.8410630","Satyam Eye Hospital","hospital",,,
"7590363956","21.1534995","72.8323742","Shree Hari Surgical & Laproscopy Centre","hospital",,,
"7590363957","21.1604260","72.8314200","Gulshan Dhat ka Hospital","hospital",,,
"7590363958","21.1710660","72.8272080","Heritage Hospital","hospital",,"24/7",
"7590363961","21.1491032","72.8217442","Shreyas Hospital","hospital",,,
"7590363962","21.1500710","72.8297340","Sushil Children's Hospital","hospital",,,
"7590363964","21.1547007","72.8268366","Matushree Multispeciality Hospital","hospital",,,
"7590363965","21.1672750","72.8409630","Vardhman Hospital","hospital",,,
"7590363966","21.1545430","72.8327283","Mansi Hospital & Prasuti Gruh","hospital",,,
"7590363967","21.1596100","72.8317020","Mahi Surgical Hospital","hospital",,,
"7590363968","21.1728676","72.8318711","Dr. Chirag Modi Medical Hospital","hospital",,,
"7590363969","21.1854085","72.8320242","Nahar Hospital","hospital",,,
"7590363974","21.1510658","72.8329101","Dream Children's Hospital","hospital",,,
"7590363976","21.1854700","72.8326340","Harsh Hospital","hospital",,,
"7590363977","21.1486560","72.8142710","Lotus Eye & Chest Care Hospital","hospital",,,
"7590363979","21.1276210","72.8572990","Bansari Children Hospital","hospital",,,
"7590363980","21.1490105","72.8254916","Dharm Jivan General Hospital & Trauma Centre","hospital",,,
"7590363981","21.1495140","72.8256590","Shyam Surgical Hospital & Prasuti Gruh","hospital",,,
"7590363983","21.1586080","72.8313770","Jash Eye Hospital","hospital",,,
"7590363984","21.1742707","72.8261468","Unique Hospital","hospital",,,
"7590363988","21.1766000","72.8410542","Shifa Hospital","hospital",,,
"7590363990","21.1600535","72.8315783","Shreeji Hospital","hospital",,,
"7590363991","21.1599027","72.8272744","Patna Hospital","hospital",,,
"7590363993","21.1486430","72.8144900","Harsh Hospital","hospital",,,
"7590363996","21.1721277","72.8272494","Riddhi Surgicals Hospital","hospital",,,
"7590363997","21.1508630","72.8384830","Krishna Hospital","hospital",,,
"7590363999","21.1590840","72.8318060","Sharada Children Hospital & NICU","hospital",,,
"7590364000","21.1500320","72.8248420","Pragna Surgical Hospital and Prasuti Gruh","hospital",,,
"7590364001","21.1832300","72.8316900","Swami Vivekanand Netra Mandir","hospital",,,
"7590364003","21.1845279","72.8343668","Vatsalya Children Hospital","hospital",,,
"7590364004","21.1511340","72.8343400","Vasundhara Maternity Home & Women's Hospital","hospital",,,
"7590364005","21.1442345","72.8249666","Shri Ji Hospital","hospital",,,
"7590364006","21.1722250","72.8276500","Prachi Children Hospital","hospital",,,
"7590364009","21.1854865","72.8358944","Atmadeep Eye Hospital","hospital",,,
"7590364010","21.1726930","72.8264595","Shrey Hospital","hospital",,,
"7590364013","21.1461202","72.8278338","Swastik Hospital","hospital",,,
"7590364014","21.1450340","72.8257382","Yogi Krupa Hospital","hospital",,,
"7590364015","21.1397290","72.8268740","Kamla Hospital","hospital",,,
"7590364016","21.1683700","72.8398010","Mamta Children Hospital","hospital",,,
"7590364017","21.1751530","72.8256880","Stem Cell Hospital","hospital",,,
"7590364020","21.1776438","72.8404686","Shivam Retina Hospital","hospital",,,
"7590364021","21.1849530","72.8315842","Maulik Hospital","hospital",,,
"7590364022","21.1251565","72.8553624","Bhestan Care Multispeciality Hospital","hospital",,"24/7",
"7590364023","21.1607460","72.8309000","Shri Hari Hospital","hospital",,,
"7590364024","21.1269870","72.8558460","Siddharth General Hospital","hospital",,,
"7590364025","21.1326950","72.8525338","Aastha Children Hospital","hospital",,,
"7590364026","21.1849250","72.8305205","Pujan Hospital","hospital",,,
"7590364027","21.1518530","72.8448660","Seva Hospital","hospital",,"24/7",
"7590364028","21.1484852","72.8170943","Aarogyam Hospital, Udhna","hospital",,,
"7590364030","21.1680027","72.8409761","Shivam Hospital","hospital",,,
"7590364032","21.1528660","72.8325340","Krishnavati Hospital","hospital",,,
"7590364033","21.1518382","72.8334327","Kavita General Hospital & Prasuti Gruh","hospital",,,
"7592471225","21.2089180","72.7804750","Madhuram Hospital","hospital",,,
"7592471226","21.1933702","72.7988536","Jogi Ayurved Hospital","hospital",,,
"7592471228","21.1967327","72.7883154","Chetali Chat Hospital","hospital",,,
"7592471229","21.2154442","72.7921518","LifeLine Multispeciality Hospital","hospital",,,
"7592471231","21.2153129","72.7825577","Krishna Children Hospital","hospital",,,
"7592471234","21.1941805","72.8029498","Sarvodaya ENT Hospital","hospital",,,
"7592471235","21.2094070","72.7946221","Dr. Devang Naik's Eye Hospital","hospital",,,
"7592471236","21.2418052","72.7880617","Evershine Children Hospital","hospital",,,
"7592471237","21.2025535","72.7857928","Aastha Eye Hospital","hospital",,,
"7592471238","21.2052272","72.7757501","Mamta Hospital, Palanpur","hospital",,,
"7592471240","21.2098170","72.7822730","Kothari Policlinic Hospital","hospital",,,
"7592471241","21.2010340","72.7728130","Aagam Ayurvedic Orthocare & Panchakarm Hospital","hospital",,,
"7592471242","21.2196312","72.7901392","Abhishek Hospital, Morabhagal","hospital",,,
"7592471246","21.1928242","72.7794299","Saumya Children Hospital","hospital",,,
"7592471248","21.2217833","72.7957474","Nana & RSVP UK Charitable Hospital","hospital",,,
"7592471249","21.2107097","72.7822157","Ashirwad Orthopaedic & Multispeciality Hospital","hospital",,,
"7592471250","21.2090890","72.7957102","Fracture Orthopaedic Hospital","hospital",,,
"7592471251","21.2048555","72.7851024","Sarnath Eye Hospital & Dental Clinic","hospital",,,
"7592471253","21.2069090","72.7977010","Ashadeep Hospital","hospital",,,
"7592471254","21.1898052","72.7778050","Datar Ayurved Hospital","hospital",,,
"7592471256","21.2116850","72.7765630","Ayurvedic Neuro Hospital & Research Centre","hospital",,,
"7592471257","21.2003810","72.7817980","Shubham Hospital, Adajan","hospital",,,
"7592471259","21.1907392","72.7945114","Vijyalaxmi Hospital and Maternity Home","hospital",,,
"7592471260","21.2319510","72.7867400","Subodh Hospital Children & General","hospital",,,
"7592471262","21.1935730","72.7863785","Malavia Eye Hospital & Laser Centre","hospital",,,
"7592471264","21.2090382","72.7803395","Shishu Care Children Hospital","hospital",,,
"7592471266","21.2262480","72.7869700","Dhwani Hospital & ICCU","hospital",,,
"7592471267","21.2127030","72.7930890","Foram Hospital","hospital",,,
"7592471269","21.1938813","72.7984168","Aamnya Hospital","hospital",,,
"7592471270","21.2003338","72.8038158","Rushabh Child Care Hospital","hospital",,,
"7592471271","21.2049855","72.7754010","V4U Hospital","hospital",,,
"7592471272","21.1996090","72.7937090","Kiran Hospital OPD Centre","hospital",,,
"7592471274","21.2003932","72.8037953","Amrutkalp Ayurvedic Panchkarma Hospital","hospital",,,
"7592471275","21.2129540","72.7928420","Jaldhi Surgical Hospital","hospital",,,
"7592471276","21.1896365","72.7956742","Dr. Miral Eye Care Hospital","hospital",,,
"7592471277","21.2134875","72.7931898","Chakshusha Eye Hospital","hospital",,,
"7592471279","21.1930900","72.7876060","Garvit Hospital","hospital",,,
"7592471281","21.1898792","72.7796261","Veer Hospital","hospital",,,
"7592471283","21.2139672","72.7916281","Arjav Hospital","hospital",,,
"7592471286","21.2004580","72.8038181","Ujjaval Eye Hospital","hospital",,,
"7592471287","21.2081790","72.7966480","Ashirwad Eye Hospital","hospital",,,
"7592471288","21.2209950","72.7928748","Medicare Hospital & ICU","hospital",,,
"7592471290","21.2087442","72.7808844","Kiaan Children Hospital & Dental Care","hospital",,,
"7592471291","21.2006160","72.7694912","Apex Hospital & ICU","hospital",,,
"7592471292","21.2418740","72.7908220","Sanskruti Hospital, Rander","hospital",,,
"7592471293","21.1926075","72.8003479","Desai's Hospital","hospital",,,
"7592471294","21.2110650","72.7728860","Divija Eye Hospital","hospital",,,
"7592471295","21.1997720","72.8047040","Manisha Maternity & Malhar Surgical Hospital","hospital",,,
"7592471296","21.1882210","72.7916558","Garvit ENT Hospital","hospital",,,
"7592471297","21.2032667","72.7873335","Abhikshana Ayurvedic Hospital and Research Centre","hospital",,,
"7592471299","21.2377340","72.7885924","Vidisha Eye Hospital","hospital",,,
"7592471302","21.1918870","72.7882040","Spanee Hospital","hospital",,,
"7592471303","21.1933130","72.7866280","Vivek Children Hospital","hospital",,,
"7592471307","21.2112360","72.7730830","Shrine Hospital","hospital",,,
"7592471309","21.2220780","72.7903852","Pahal Hospital","hospital",,,
"7592471312","21.1893867","72.7898613","Akshika Eye Hospital","hospital",,,
"7592471314","21.1831370","72.7832810","Dr. Nikita's Eye Hospital","hospital",,,
"7592471316","21.1939630","72.7872420","Eva Hospital","hospital",,,
"7592471318","21.1926780","72.7794210","Hetvi Eye Hospital","hospital",,,
"7592471321","21.1869180","72.7807030","Apoorva Hospital","hospital",,,
"7592471322","21.2140260","72.7751400","Marigold Hospital","hospital",,,
"7592471325","21.1917790","72.7882680","Pareenima Eye Hospital & Laboratory","hospital",,,
"7592471328","21.2157750","72.7968577","Shree Multispeciality Hospital","hospital",,,
"7592471329","21.1925535","72.8003112","Masoom Children's Hospital","hospital",,,
"7592471333","21.2049940","72.7995395","Sushrut Ayurveda & Panchakarma Hospital","hospital",,,
"7592471334","21.1918845","72.7983182","Ajay Orthopaedic Hospital","hospital",,,
"7592471335","21.2100613","72.7950539","Juhi Hospital for Women","hospital",,,
"7592471336","21.2020520","72.7818730","Arpan Children Hospital","hospital",,,
"7592471338","21.1945670","72.7898980","Arogyam Hospital","hospital",,,
"7592471340","21.2090040","72.7803950","Welcare Hospital","hospital",,,
"7592471341","21.2139067","72.7923344","Amar Children Hospital","hospital",,,
"7592471342","21.1917520","72.7897750","Wings Hospital","hospital",,,
"7592471346","21.1964020","72.7846390","Ujjaval Eye Hospital Dental Clinic","hospital",,,
"7592471348","21.1930890","72.8068956","Shalby Hospital","hospital",,,
"7592471351","21.2016580","72.7818200","Sai Medical Hospital & Maternity Home","hospital",,,
"7592471352","21.2212272","72.7894770","Shree Surgical, Maternity and Children Hospital","hospital",,,
"7592471353","21.2061491","72.7989054","Khushi ENT Hospital","hospital",,,
"7592471354","21.1930270","72.7876210","Clear View Eye Hospital","hospital",,,
"7592765737","21.1440512","72.7953751","Ayushyam Children Hospital","hospital",,,
"7592765738","21.1749100","72.8191756","Saachi Children Hospital","hospital",,,
"7592765739","21.1352300","72.7739640","Noble Multispeciality Hospital","hospital",,,
"7592765740","21.1633137","72.8158518","Bansri Children Hospital","hospital",,,
"7592765741","21.1564037","72.7772693","Ansh Hospital","hospital",,,
"7592765743","21.1436197","72.7972220","Muve Hospital","hospital",,,
"7592765744","21.1745672","72.8178094","Shreeji Multispeciality Hospital","hospital",,,
"7592765745","21.1528414","72.7786722","Anand Children Hospital","hospital",,,
"7592765747","21.1559306","72.8084380","Shiv Netra General & Eye Hospital","hospital",,,
"7592765748","21.1627025","72.7968077","Jyoti Surgical & General Hospital","hospital",,,
"7592765750","21.1545680","72.7757918","Florence Hospital","hospital",,,
"7592765751","21.1779692","72.7992280","Eye Q Super Speciality Eye Hospital","hospital",,,
"7592765752","21.1756245","72.8174438","Dhruv Orthopaedic & Surgical Hospital","hospital",,,
"7592765753","21.1639084","72.8171569","Shivam Hospital","hospital",,,
"7592765757","21.1463860","72.8047460","Shraddha Maternity & Multispeciality Hospital","hospital",,,
"7592765759","21.1749415","72.8060624","Pujara Eye Hospital","hospital",,,
"7592765760","21.1712723","72.7893332","Prizma Eyecare Hospital","hospital",,,
"7592765762","21.1718810","72.8168130","Sethi Hospital and Maternity Home","hospital",,,
"7592765763","21.1633710","72.7736580","Sushrut Ayurved Hospital","hospital",,,
"7592765766","21.1765574","72.8097980","Shivjoti Multispeciality Hopsital","hospital",,,
"7592765767","21.1741042","72.8119524","Gokani Rutam Maternity Hospital","hospital",,,
"7592765768","21.1402709","72.7781574","Anant Multispeciality Hospital","hospital",,,
"7592765770","21.1737699","72.7975160","Vision Eye Super Speciality Hospital","hospital",,,
"7592765775","21.1650950","72.7964540","Aman Hospital","hospital",,,
"7592765776","21.1688281","72.8092530","Dev Hospital","hospital",,,
"7592765777","21.1643480","72.8125640","Sanjivani Hospital & ICCU Centre","hospital",,,
"7592765778","21.1534030","72.7995050","VYOM Advanced Orthopaedic & Women's Hospital","hospital",,,
"7592765781","21.1489029","72.7811880","Pavan Advanced Orthopaedic Hospital","hospital",,,
"7592765782","21.1791800","72.8049530","Shree Nandan Hospital & Test tube Baby Centre","hospital",,,
"7592765783","21.1442111","72.7953808","Fairsight Eye Hospital","hospital",,,
"7592765785","21.1358355","72.7609256","Marina Grand Hospital","hospital",,,
"7592765787","21.1643872","72.8171907","Umiya Hospital","hospital",,,
"7592765788","21.1597077","72.8099040","Shree Shubh Hospital & Infertility Clinic","hospital",,,
"7592765789","21.1466820","72.7836042","Sanjivni Hospital","hospital",,,
"7592765791","21.1718065","72.8122449","Ruta Hospital","hospital",,,
"7592765793","21.1620390","72.8122386","Suraj Hospital","hospital",,,
"7592765794","21.1580702","72.7702614","Sunshine Global Hospital","hospital",,,
"7592765796","21.1474720","72.8057484","Prathna Multispeciality Hospital","hospital",,,
"7592765797","21.1597640","72.8099531","Bansari Children Hospital, Althan","hospital",,,
"7592765800","21.1668930","72.7957810","Agrawal Hospital","hospital",,,
"7592765801","21.1455470","72.7739030","Priya Women's Hospital","hospital",,,
"7592765802","21.1554722","72.7977125","Ratnadeep Cancer Centre & Multispeciality Hospital","hospital",,,
"7592765804","21.1717655","72.8164392","Netram Eye Hospital & Corneal Centre","hospital",,,
"7592765805","21.1443409","72.7957148","KCJ Hospital & Maternity Home","hospital",,,
"7592765806","21.1462850","72.8047990","Ashish Hospital","hospital",,,
"7592765807","21.1752111","72.7944403","Zankhana Maternity Hospital & Laproscopic Centre","hospital",,,
"7592765808","21.1435164","72.8049625","Bombay Multi Speciality Hospital, Bhimrad","hospital",,,
"7592765809","21.1642327","72.7958061","Dr. Rohan's Eye Hospital & Laser Centre","hospital",,,
"7592765811","21.1454524","72.7734722","Tanish Orthopaedic & Women's Hospital","hospital",,,
"7592765817","21.1504624","72.7730912","Sanjeevani Multi Speciality Hospital","hospital",,,
"7592765821","21.1427190","72.7871352","Om Women's & Children Hospital","hospital",,,
"7592765822","21.1625868","72.7963341","Vikas Children Hospital","hospital",,,
"7592765823","21.1594505","72.8099031","Harsh General Hospital","hospital",,,
"7592765830","21.1517542","72.8057471","Jinwala Hospital","hospital",,,
"7592765831","21.1706920","72.7889554","Saurabh Hospital","hospital",,,
"7592765832","21.1758100","72.8085452","Chinmaya Hospital","hospital",,,
"7592765836","21.1668250","72.7958440","Bombay Multi Speciality Hospital","hospital",,,
"7592765838","21.1431427","72.8048401","Joshi Eye Hospital and Psychiatric Clinic","hospital",,,
"7592765839","21.1653007","72.7777609","Savani Hospital","hospital",,,
"7592765841","21.1770475","72.7976084","Tejas Eye Hospital","hospital",,,
"7592765842","21.1718972","72.7901523","Ishaan Maternity Hospital","hospital",,,
"7592765843","21.1716397","72.8163998","Evergreen Hospital","hospital",,,
"7592765846","21.1577445","72.7783659","Shah Hospital","hospital",,,
"7592765847","21.1474920","72.8007544","Sri Sathya Sai Seva Sankul","hospital",,,
"7592765848","21.1493344","72.7728610","Mangukhiya Hospital","hospital",,,
"7592765849","21.1646810","72.8127010","Naveli Hospital","hospital",,,
"7592765850","21.1799615","72.8092075","Adarsh Hospital","hospital",,,
"7592765851","21.1432440","72.8047993","Narang Orthopaedic Hospital","hospital",,,
"7592765852","21.1355767","72.8013320","Keshavm Eye Care Hospital","hospital",,,
"7592765856","21.1658560","72.8192410","Terapanth Hospital","hospital",,,
"7593104217","21.1664625","72.8762333","Gel General Hospital","hospital",,,
"7593104218","21.1532743","72.8667622","Krishna General Hospital","hospital",,,
"7593104219","21.1670143","72.8720624","Shreeji Hospital","hospital",,,
"7593104220","21.1616790","72.8561450","Sri Dwarka Children Hospital","hospital",,,
"7593104221","21.1666678","72.8707215","Om General Hospital","hospital",,,
"7593104223","21.1789440","72.8558459","Samdani Maternity and General Hospital","hospital",,,
"7593104227","21.1636060","72.8723400","Vatsalya General Hospital & Maternity Home","hospital",,,
"7593104231","21.1754940","72.8771636","Max Hospital","hospital",,,
"7593104232","21.1528547","72.8661558","Kiran General Hospital","hospital",,,
"7593104234","21.1754570","72.8773690","Vasudev Dental Clinic & Multispeciality Dental Hospital","hospital",,,
"7593104235","21.1907779","72.8704839","Siddhivinayak Medical Hospital","hospital",,,
"7593104236","21.1590770","72.8604370","Rohit Hospital","hospital",,,
"7593104237","21.1552060","72.8670750","Baba Memorial Hospital","hospital",,,
"7593104240","21.1669152","72.8735973","Care Hospital & Consultancy","hospital",,,
"7593104241","21.1607520","72.8583483","Sai Krupa Hospital","hospital",,,
"7593104244","21.1668040","72.8732300","Jivnajyoti Prasutigruh & General Hospital","hospital",,,
"7593104246","21.1754620","72.8720230","Vinayak Orthopaedic Hospital","hospital",,,
"7593104247","21.1728303","72.8693118","Satyam Hospital","hospital",,,
"7593104248","21.1700600","72.8692910","Khushi Maternity and Gynec Hospital","hospital",,,
"7593104253","21.1806390","72.8719156","Rudransh Children Hospital","hospital",,,
"7593104255","21.1878727","72.8653200","Mother Hospital","hospital",,,
"7593104256","21.1676095","72.8665292","Yashvi Hospital and Prasutigruh","hospital",,,
"7593104257","21.1668353","72.8720953","Srishti Children & General Hospital","hospital",,,
"7593104258","21.1741950","72.8685680","Hardik Hospital","hospital",,,
"7593104259","21.1574260","72.8634220","Tripathi Charitable Hospital","hospital",,,
"7593104262","21.1755673","72.8708362","Navjivan Hospital, Limbayat","hospital",,,
"7593104263","21.1935392","72.8686708","Krishna Children Hospital","hospital",,,
"7593104265","21.1907950","72.8688006","Harshal Surgical Hospital","hospital",,,
"7593104267","21.1805172","72.8719157","Rugved Women's Hospital","hospital",,,
"7593104269","21.1572440","72.8703340","Mauli Hospital","hospital",,,
"7593104270","21.1903490","72.8604030","Vision Eye Superspeciality Hospital","hospital",,,
"7593104271","21.1669453","72.8720868","Vasu General Hospital","hospital",,,
"7593104274","21.1699380","72.8768470","Rohit Hospital","hospital",,,
"7593104277","21.1838250","72.8638110","Aayush Prasutigruh & General Hospital","hospital",,,
"7593104279","21.1754975","72.8721650","Kashiba Children Hospital, Godadara","hospital",,,
"7593104283","21.1674075","72.8573263","Shri Sai Children Hospital","hospital",,,
"7593104287","21.1831310","72.8718050","Jyoti Children Hospital & NICU","hospital",,,
"7593104289","21.1753983","72.8720406","Radhe Prasutigruh & Surgical Hospital","hospital",,,
"7593104290","21.1588273","72.8617603","Shree Sai Hospital and Prasuthi Gruh","hospital",,,
"7593104292","21.1907120","72.8703720","Jyoti Women's Hospital","hospital",,,
"7593104295","21.1897163","72.8648232","Apex Orthopaedic Hospital","hospital",,,
"7593104296","21.1935650","72.8687320","Anupam Hospital","hospital",,,
"7593104298","21.1898933","72.8647498","Chirayu Hospital","hospital",,,
"7593104299","21.1570950","72.8639240","Aakash Charitable General Hospital","hospital",,,
"7593104301","21.1803058","72.8719458","Ved Hospital","hospital",,,
"7593104305","21.1879408","72.8616275","Om Hospital","hospital",,,
"7593104307","21.1885290","72.8653790","Rudransh Children Hospital","hospital",,,
"7593104308","21.1611470","72.8570490","Surat Surgical Hospital","hospital",,,
"7593104309","21.1710600","72.8599560","Bhavna Nursing Home & General Hospital","hospital",,,
"7593104310","21.1797080","72.8670478","Tulsi Multispeciality Hospital","hospital",,,
"7593104311","21.1726088","72.8623337","Pankaj General Hospital","hospital",,,
"7593104312","21.1582870","72.8705480","Aastha Hospital and Dental Care","hospital",,,
"7593104313","21.1908670","72.8720980","Siya Ayurvedic Panchkarm Hospital","hospital",,,
"7593104315","21.1665010","72.8768500","Satyam Homeopathic Hospital","hospital",,,
"7593104318","21.1778940","72.8679520","Max Hospital","hospital",,,
"7593104323","21.1719780","72.8716650","Pulse Hospital","hospital",,,
"7593104324","21.1756310","72.8687970","Sarti General Hospital & Prasuti Gruh","hospital",,,
"7593104325","21.1707455","72.8588964","Darshan Hospital","hospital",,,
"7593104329","21.1932565","72.8699764","Miracle Kids ICU","hospital",,,
"7593104330","21.1906535","72.8688149","Khushi Women's Hospital","hospital",,,
"7593104332","21.1815708","72.8663565","Khushi Hospital & Prasuti Gruh","hospital",,,
"7593104334","21.1932210","72.8600890","Unity Trauma Centre & ICU","hospital",,,
"7595333012","21.2143010","72.8618410","Kabariya Hospital & Prasutigruh","hospital",,,
"7595333015","21.2177490","72.8872160","Shiv Natural Acupuncture Hospital","hospital",,,
"7595333016","21.2141300","72.8858280","Shree Satyay Hospital","hospital",,,
"7595333018","21.2150800","72.8883230","Deep Children Hospital","hospital",,,
"7595333019","21.2092015","72.8731969","Nexes A Orthopaedic Hospital","hospital",,,
"7595333020","21.2150830","72.8880760","Virdiya Hospital","hospital",,,
"7595333021","21.2228780","72.8986296","Swara General Hospital & Prasutigruh","hospital",,,
"7595333024","21.1968183","72.8724357","Param Hospital","hospital",,,
"7595333025","21.2200333","72.8844052","Diamond Hospital","hospital",,,
"7595333026","21.2180315","72.8904916","Vivan Surgical Hospital","hospital",,,
"7595333027","21.2196120","72.8758910","Bal Krushna Children Hospital","hospital",,,
"7595333028","21.2258372","72.8898178","Radhe Surgical Hospital & Laproscopic Centre","hospital",,,
"7595333029","21.2113810","72.8918545","Savaliya General Hospital","hospital",,,
"7595333031","21.2233570","72.8844310","Vedant Hospital & ICU","hospital",,,
"7595333032","21.1988328","72.8688828","Anupam Multispeciality Hospital","hospital",,,
"7595333034","21.2018680","72.8706090","Shayona Multispeciality Hospital","hospital",,,
"7595333036","21.2163970","72.8627484","Hetarth Children Hospital","hospital",,,
"7595333038","21.2160763","72.8645959","Mangaldeep Surgical Hospital & Laproscopic Centre","hospital",,,
"7595333039","21.2160970","72.8906000","Mantra Hospital & ICU & Physiotherapy","hospital",,,
"7595333040","21.2254670","72.8892940","Beladiya Eye & Dental Hospital","hospital",,,
"7595333042","21.2140950","72.8616870","ABC Children Hospital","hospital",,,
"7595333044","21.2150000","72.8730270","Hiraba Hospital & Prasuti Gruh","hospital",,,
"7595333045","21.2145492","72.8607639","Sarthi Doctor House","hospital",,,
"7595333046","21.2285470","72.8975930","Satyam Hospital & Prasutigruh","hospital",,,
"7595333047","21.2003140","72.8762330","Dr. Chhotala's Shayona Hospital","hospital",,,
"7595333048","21.2324250","72.8924360","Garbha Sanskar & Panchkarm Hospital","hospital",,,
"7595333049","21.2292960","72.8972107","MS Eye Hospital & Corneal Centre","hospital",,,
"7595333050","21.2246160","72.8873310","G B Vaghani Multispeciality Hospital","hospital",,,
"7595333052","21.2155960","72.8880500","Bhalani Hospital","hospital",,,
"7595333053","21.2161735","72.8651797","Matrushree Godavariba Gandabhai Zadafia Medical Centre","hospital",,,
"7595333054","21.2249610","72.8962280","Mansi Hospital","hospital",,,
"7595333056","21.2234490","72.8846780","Dr. Sakhiya Hospital","hospital",,,
"7595333057","21.2144710","72.8605902","Matulya Hospital","hospital",,,
"7595333060","21.2113493","72.8645982","Dev Hospital","hospital",,,
"7595333061","21.2198390","72.8898641","Prerana Hospital","hospital",,,
"7595333063","21.2158783","72.8653074","Sadguru Hospital","hospital",,,
"7595333064","21.2258397","72.8900140","Dudhat Orthopaedic Hospital","hospital",,,
"7595333065","21.2049835","72.8677080","Ruhi General Hospital","hospital",,,
"7595333066","21.2129800","72.8701162","Women Care Hospital","hospital",,,
"7595333067","21.2163430","72.8629520","Kidney Hospital","hospital",,,
"7595333068","21.2129760","72.8589544","Medicare Hospital","hospital",,,
"7595333069","21.2145930","72.8877070","Jasani Children Hospital & NICU","hospital",,,
"7595333070","21.2083927","72.8767953","Radhaswami Hospital","hospital",,,
"7595333072","21.2159020","72.8645520","Nishtha Hospital","hospital",,,
"7595333073","21.2233775","72.8846958","Ayushyam Orthopaedic Hospital & Physio Care","hospital",,,
"7595333074","21.2254870","72.8893960","Shreeji Krupa ENT Hospital","hospital",,,
"7595333075","21.2251500","72.8882680","Chitra Hospital","hospital",,,
"7595333076","21.2134940","72.8588130","Om Hospital & Pathology Laboratory","hospital",,,
"7595333083","21.2105340","72.8615226","Gurukrupa Hospital","hospital",,,
"7595333087","21.2128290","72.8572505","Pooja Surgical Hospital & Maternity Home","hospital",,,
"7595333089","21.2293260","72.8972800","Patel Hospital & Health Centre","hospital",,,
"7595333090","21.2263810","72.8958600","Angel Hospital","hospital",,,
"7595333091","21.2294320","72.8971710","Floral Women's Hospital","hospital",,,
"7595333092","21.2057270","72.8817930","Lotus Hospital & Skin Care","hospital",,,
"7595333093","21.2127933","72.8587961","Arpan Hospital & IVF Centre","hospital",,,
"7595333094","21.2235215","72.8848881","Tulip Hospital","hospital",,,
"7595333096","21.2141430","72.8616709","Italiya Multispeciality Hospital","hospital",,,
"7595333100","21.2112778","72.8632359","Gayatri Hospital","hospital",,,
"7595333101","21.2145130","72.8607990","Drashti Eye Hospital","hospital",,,
"7595333102","21.2233110","72.8841390","Monghiba Medical Hospital","hospital",,,
"7595333103","21.2023110","72.8666930","Krishna Prasutigruh & Surgical Hospital","hospital",,,
"7595333105","21.2136110","72.8894725","Samarpan Hospital","hospital",,,
"7595333106","21.2134352","72.8686866","Om Dental Hospital","hospital",,,
"7595333107","21.2254180","72.8892530","Shyamuba Hospital","hospital",,,
"7595333108","21.2140880","72.8615000","Gajera Children Hospital","hospital",,,
"7595333109","21.2195173","72.8900122","Radhe Hospital","hospital",,,
"7595333110","21.2168150","72.8663220","Swastik Children Hospital","hospital",,,
"7595333111","21.2144730","72.8847460","Tejani Hospital","hospital",,,
"7595333112","21.2220060","72.8816615","Balar Hospital & Maternity Home","hospital",,,
"7595333113","21.2164920","72.8637820","Santosh Women's Care Hospital","hospital",,,
"7595333114","21.2142700","72.8863000","Aarvi Multispeciality Hospital","hospital",,,
"7595333115","21.2293830","72.8973320","Sojitra Maternity Hospital","hospital",,,
"7595333116","21.2180107","72.8690836","Radha Hospital & Candor IVF Centre","hospital",,,
"7595333119","21.2146750","72.8875910","Vaghani Hospital","hospital",,,
"7595333120","21.2161980","72.8694240","Vatshalya Hospital & Prasuti Gruh","hospital",,,
"7595333123","21.2147880","72.8614230","Mamta Children Hospital, Hirabaugh","hospital",,,
"7595333124","21.2147310","72.8613220","Shreehari Surgical Hospital & Lap Centre","hospital",,,
"7595333125","21.2156465","72.8623713","Om Hospital & Prasuti Gruh","hospital",,,
"7595333126","21.2152993","72.8880362","Vekariya Women's Hospital","hospital",,,
"7595749457","21.1074250","72.8549500","Aamena Sarvajanik Hospital","hospital",,,
"7595749459","21.2392880","72.8491900","Matrutrav Hospital","hospital",,,
"7595749460","21.2423200","72.8517930","Matru Krupa Hospital","hospital",,,
"7595749462","21.2361260","72.8746950","Param Child Care Hospital","hospital",,,
"7595749463","21.2360100","72.8529540","Jivan Jyoti Trust Hospital","hospital",,,
"7595749465","21.2387617","72.8478114","Baby Care Children Hospital","hospital",,,
"7595749467","21.1122913","72.8606776","Hadhvedh Hospital","hospital",,,
"7595749468","21.2387290","72.8882930","Yogi NICU & Children Hospital","hospital",,,
"7595749472","21.2331880","72.8643047","Om Hospital & ICU","hospital",,,
"7595749473","21.2362890","72.8752190","Italiya Multispeciality Hospital","hospital",,,
"7595749474","21.2413220","72.8516330","Niramay Surgical Hospital & Laproscopy Centre","hospital",,,
"7595749477","21.2369950","72.8772550","The Mother Hospital & Maternity Home","hospital",,,
"7595749479","21.2299470","72.8660710","Satyam Hospital","hospital",,,
"7595749483","21.2395445","72.8483365","Gandhi Hospital","hospital",,,
"7595749488","21.2370230","72.8772770","Dhruv Children Hospital","hospital",,,
"7595749489","21.1142070","72.8628026","Riddhi Siddhi Hospital","hospital",,,
"7595749491","21.2351010","72.8777550","Navadiya Care Hospital","hospital",,,
"7595749496","21.2371042","72.8488530","Amidhara Hospital & Maternity Home","hospital",,,
"7595749497","21.2387270","72.8477648","Shraddha Hospital","hospital",,,
"7595749498","21.2416320","72.8516870","Yasoda Hospital","hospital",,,
"7595749502","21.2416720","72.8516555","Bansari Hospital & ICU","hospital",,,
"7595749503","21.2364892","72.8838025","Shree Hari Hospital","hospital",,,
"7595749512","21.2361820","72.8728240","Shreeji Children Hospital","hospital",,,
"7595749514","21.2419150","72.8580792","Saturday Hospital","hospital",,,
"7595749515","21.2334880","72.8636768","Krishna Women's Hospital","hospital",,,
"7595749516","21.2293300","72.8660600","Shivam Orthopaedic Hospital & Pain Management Centre","hospital",,,
"7595749521","21.2300470","72.8660710","Devam Children Hospital","hospital",,,
"7595749524","21.2413960","72.8517490","Aarushi Orthopaedic Hospital","hospital",,,
"7595749528","21.2363810","72.8756980","Aastha Children Hospital","hospital",,,
"7595749530","21.2415230","72.8517370","Om Imaging Centre & ENT Hospital","hospital",,,
"7595749536","21.2395372","72.8494628","Krisha Hospital","hospital",,,
"7595749537","21.2304565","72.8666257","Nilkanth Orthopaedic Hospital","hospital",,,
"7595749539","21.1152705","72.8604589","Amaan Multispeciality Hospital","hospital",,,
"7595749540","21.2420820","72.8519460","Matrutirth Hospital","hospital",,,
"7595749541","21.2414580","72.8517430","Rang Krupa Children Hospital","hospital",,,
"7595749543","21.2380790","72.8874850","Goti Dental Hospital","hospital",,,
"7595749544","21.1111489","72.8620984","Parizal Hospital","hospital",,,
"7595749554","21.2300245","72.8666348","Divine Eye Care Hospital","hospital",,,
"7595749555","21.1095447","72.8538067","Halima Hospital","hospital",,,
"7595749556","21.1123665","72.8606612","Siddharth General Hospital & Maternity Home","hospital",,,
"7595749558","21.2379765","72.8874365","Sparsh Multispeciality Hospital","hospital",,,
"7595749563","21.2389197","72.8477081","Pisadia Nirmal Hospital","hospital",,,
"7595749568","21.2393592","72.8475690","Yogi Multispeciality Hospital","hospital",,,
"7595749569","21.2382250","72.8475420","Shree Pandave Multispeciality Hospital","hospital",,,
"7595749570","21.2365090","72.8757080","Lathiya Hospital & Test Tube Baby Centre","hospital",,,
"7598506721","21.1890465","72.8157998","Shreyas Hospital, Nanpura","hospital",,,
"7598506722","21.1976920","72.8305880","Mayur Eye Hospital","hospital",,,
"7598506723","21.1827570","72.8139750","ASG Eye Hospital","hospital",,,
"7598506724","21.1848285","72.8191822","Bhavin Eye Hospital","hospital",,,
"7598506726","21.1842767","72.8192932","Trident Hospitals","hospital",,,
"7598506727","21.2079340","72.8366163","ESI Hospital","hospital",,,
"7598506728","21.1945542","72.8199423","Shree Sai Ashish Hospital","hospital",,,
"7598506729","21.1849010","72.8201410","Rahul Hospital & Well Women Clinic","hospital",,,
"7598506732","21.1806630","72.8258320","Keshvi Eye Hospital","hospital",,,
"7598506735","21.2008920","72.8337644","Jariwala Children Hospital","hospital",,,
"7598506736","21.2009532","72.8352252","Galaxy Hospital","hospital",,,
"7598506737","21.2067250","72.8371788","Muscat Hospital","hospital",,,
"7598506738","21.2005910","72.8372870","Joshipura Eye Hospital","hospital",,,
"7598506741","21.2006147","72.8372729","Dr. Hitendra Shah Child Care Hospital","hospital",,,
"7598506742","21.2061593","72.8332624","Spandan Children Hospital","hospital",,,
"7598506743","21.1882510","72.8130230","Shaishav General Hospital","hospital",,,
"7598506745","21.1870807","72.8239798","Anand Children Hospital","hospital",,,
"7598506746","21.1958220","72.8249330","Sneh Hospital, Gopipura","hospital",,,
"7598506747","21.1860190","72.8123920","Tristar Hospital","hospital",,,
"7598506748","21.2007330","72.8384520","Savani Surgical Hospital","hospital",,,
"7598506749","21.1818355","72.8261911","Hingora Charitable Trust Halima General Hospital","hospital",,,
"7598506751","21.1861752","72.8265848","Mahavir Hospital, Sagrampura","hospital",,,
"7598506753","21.1868087","72.8251841","Samol Hospital","hospital",,,
"7598506754","21.1857700","72.8172820","Tanish Advanced Orthopaedic & Women's Hospital","hospital",,,
"7598506755","21.1996510","72.8247804","Shree Saibaba Eye Hospital","hospital",,,
"7598506756","21.1892220","72.8138030","Niramay Ayurvedic Hospital","hospital",,,
"7598506757","21.1949172","72.8210888","Rupal Hospital For Women","hospital",,,
"7598506759","21.1807480","72.8202640","Aditya Eye Hospital","hospital",,,
"7598506760","21.1819990","72.8266829","Arpan Hospital","hospital",,,
"7598506761","21.1880022","72.8163796","Shreeji Orthopaedic Hospital & Dental Clinic","hospital",,,
"7598506763","21.1977080","72.8230830","SMV Hospital","hospital",,,
"7598506764","21.2054640","72.8367600","Apurva Hospital","hospital",,,
"7598506766","21.1982345","72.8218246","Golden Gift Maternity Home & Hospital","hospital",,,
"7598506767","21.2051310","72.8370900","Riddhi Siddhi Hospital","hospital",,,
"7598506768","21.1964492","72.8304881","Suchay Children Hospital","hospital",,,
"7598506769","21.1866987","72.8100742","Dr. Odhavji Dhanjibhai Mangukia Hospital","hospital",,,
"7598506770","21.1994815","72.8374810","Akshar Hospital","hospital",,,
"7598506771","21.1965434","72.8299801","Grace Hospital","hospital",,,
"7598506772","21.1969645","72.8348883","Jamna Baa General Hospital","hospital",,,
"7598506774","21.1970470","72.8258720","Surat General Hospital","hospital",,,
"7598506775","21.1854512","72.8210952","Aurora ENT Hospital & Dental Clinic","hospital",,,
"7598506776","21.1814982","72.8174949","SIDS Hospital & Research Centre","hospital",,,
"7598506777","21.2046690","72.8264570","Asarawala Hospital","hospital",,,
"7598506778","21.1847936","72.8190066","Swagat Hospital","hospital",,,
"7598506782","21.1961617","72.8231762","Padmavati Hospital","hospital",,,
"7598506783","21.1851770","72.8103270","Care Hospitals","hospital",,,
"7598506784","21.2067696","72.8308477","Varun Eye Hospital","hospital",,,
"7598506786","21.1892345","72.8155341","Relish Hospital","hospital",,,
"7598506788","21.1842500","72.8256560","Shubham Hospital","hospital",,,
"7598506789","21.2006928","72.8349190","Sai Orthopaedic Hospital","hospital",,,
"7598506790","21.1969482","72.8221619","Pathhar Wali Hospital","hospital",,,
"7598506791","21.2059590","72.8363230","Nice Children Hospital","hospital",,,
"7598506793","21.1859955","72.8270703","Shree Mahavir Hospital","hospital",,,
"7598506794","21.1820434","72.8159040","Prizma Eye Care Hospitals","hospital",,,
"7598506795","21.1872245","72.8105426","Dr. Parag Pandya Hospital","hospital",,,
"7598506796","21.1986747","72.8354749","Maa Kaamal Hospital","hospital",,,
"7598506797","21.1930965","72.8231355","Govind Prabha Arogya Sankool Hospital","hospital",,,
"7598506798","21.2051970","72.8361260","Jash Hospital","hospital",,,
"7598506799","21.1974453","72.8298567","Hemal Hospital","hospital",,,
"7598506800","21.1853827","72.8210592","Param Children Hospital","hospital",,,
"7598506802","21.1807064","72.8258640","Sannari Hospital","hospital",,,
"7598506803","21.2074575","72.8341569","SIMS Hospital","hospital",,,
"7598506804","21.2058615","72.8383734","Trinity Test Tube Baby Centre","hospital",,,
"7598506805","21.1979398","72.8321740","Maskati Dharmarth Hospital","hospital",,,
"7598506806","21.1993761","72.8215476","Gagan Children Hospital","hospital",,,
"7598506808","21.2141930","72.8154700","Prutha Eye Hospital","hospital",,,
"7598506809","21.2007990","72.8386810","Laser ENT Hospital","hospital",,,
"7598506811","21.1996818","72.8265491","Kazi Hospital","hospital",,,
"7598506812","21.2061360","72.8363750","Gopinath Orthopaedic Hospital","hospital",,,
"7598506813","21.1864491","72.8108413","Shreeji Retina Clinic & Eye Hospital","hospital",,,
"7598506814","21.1860438","72.8215013","Laprocare Hospital","hospital",,,
"7598506815","21.1838864","72.8189956","Contracare Eye Hospital","hospital",,,
"7598506817","21.1812370","72.8192340","Shivam Eye Hospital","hospital",,,
"7598506818","21.2063779","72.8277835","Apuna Hospital","hospital",,,
"7598506819","21.2007350","72.8370095","Rainbow Children Hospital","hospital",,,
"7598506823","21.2036790","72.8310966","Dr. Anajwala Hospital","hospital",,,
"7598506824","21.2006449","72.8373366","Shreeji Hospital","hospital",,,
"7598506825","21.1910877","72.8259728","Kamble Surgical Hospital","hospital",,,
"7604817195","21.1986940","72.8603280","Aastha Hospital","hospital",,,
"7604817196","21.2049050","72.8519858","Poonam General Hospital","hospital",,,
"7604817198","21.2325257","72.8359680","We Care Multispeciality Hospital","hospital",,,
"7604817199","21.2150690","72.8273100","Sahaj Hospital & Prasuti Gruh","hospital",,,
"7604817206","21.2155360","72.8301180","Chiranjiv Hospital","hospital",,,
"7604817210","21.2088546","72.8530959","Vraj Dental Hospital","hospital",,,
"7604817214","21.2304010","72.8201491","Harsh Hospital","hospital",,,
"7604817216","21.2311935","72.8158649","Shivani Hospital","hospital",,,
"7604817218","21.1496020","72.8737620","Gauri Children Hospital","hospital",,,
"7604817219","21.2019423","72.8629793","Yashoda Surgical Hospital & Nursing Home","hospital",,,
"7604817221","21.2306575","72.8227664","Sri Om Mom Prasuti Gruh","hospital",,,
"7604817222","21.2116163","72.8541470","Shiv Surgical Hospital & Nursing Home","hospital",,,
"7604817223","21.2252690","72.8319496","Krishna Hospital","hospital",,,
"7604817224","21.2090570","72.8550069","Life Line Multispeciality Hospital","hospital",,,
"7604817225","21.1426165","72.8811536","Uma Hospital","hospital",,,
"7604817226","21.2114670","72.8556200","Shreeji ENT Hospital","hospital",,,
"7604817227","21.1975160","72.8609668","Shivam Hospital","hospital",,,
"7604817229","21.2257287","72.8176729","Kavya Hospital","hospital",,,
"7604817232","21.2279800","72.8304990","The New Life Hospital","hospital",,,
"7604817233","21.2045060","72.8489572","Sadbhav Prasuti Gruh Sonography Anjani Hospital","hospital",,,
"7604817236","21.2147210","72.8290730","Kiran Surgical Hospital","hospital",,,
"7604817237","21.1498940","72.8734140","Umiya Multispeciality Hospital & ICU","hospital",,,
"7604817239","21.2157828","72.8297707","Sarjan Orthopaedic Hospital","hospital",,,
"7604817241","21.2184420","72.8370850","Kiran Hospital","hospital",,,
"7604817242","21.2107462","72.8535038","Poshiya Children Hospital","hospital",,,
"7604817243","21.2250500","72.8187560","Anubhav Hospital","hospital",,,
"7604817245","21.2113860","72.8555020","Shree Nandan Eye Hospital","hospital",,,
"7604817246","21.2003140","72.8599198","Megh Child Hospital","hospital",,,
"7604817248","21.2222505","72.8212103","Netram Eye Hospital & Laser Centre","hospital",,,
"7604817250","21.2247012","72.8198648","Purusharth Multispeciality Hospital","hospital",,,
"7604817252","21.1497760","72.8721057","Pulse Hospital & ICU","hospital",,,
"7604817253","21.2151470","72.8273400","Shivam Netralay Eye Hospital","hospital",,,
"7604817256","21.1970925","72.8616487","Khushi Children Hospital","hospital",,,
"7604817257","21.2246897","72.8203184","Little Wings NICU & Children Hospital","hospital",,,
"7604817258","21.2225812","72.8211494","Sardar Hospital","hospital",,,
"7604817259","21.2280685","72.8337440","Sonani Hospital Laproscopy & Endoscopy Centre","hospital",,,
"7604817260","21.2072080","72.8537379","Satyam Hospital","hospital",,,
"7604817262","21.2113860","72.8533750","Me and Mom Hospital & IVF Centre","hospital",,,
"7604817263","21.2214210","72.8272910","Dharmnandan Hospital","hospital",,,
"7604817265","21.2245020","72.8208623","Divyam Hospital & Prasutigruha & Skin Care","hospital",,,
"7604817266","21.1463288","72.8735017","AUM Hospital & Maternity Home","hospital",,,
"7604817267","21.2113576","72.8554835","Smit Hospital & Infertility Centre","hospital",,,
"7604817269","21.2195560","72.8364520","Raghav Hospital","hospital",,,
"7604817270","21.1495978","72.8727339","Sanjivani Multispeciality Hospital","hospital",,,
"7604817271","21.2046820","72.8571780","Devanshi Hospital","hospital",,,
"7604817272","21.2237150","72.8243380","Anand Hopspital","hospital",,,
"7604817273","21.2268957","72.8212962","Savani Hospital & Diabetes Care","hospital",,,
"7604817274","21.2111750","72.8550000","Ruta Hospital & IVF Centre","hospital",,,
"7604817275","21.2292227","72.8213844","Tejani Hospital, Vishal Nagar","hospital",,,
"7604817276","21.2231000","72.8274660","Janki Hospital & Maternity Home","hospital",,,
"7604817277","21.2306520","72.8291487","Immune Children & Diabetes Hospital","hospital",,,
"7604817279","21.2117108","72.8548039","PP Maniya Children's Superspciality Hospital and Maternity Home","hospital",,,
"7604817280","21.2305290","72.8234382","Hope NICU & Children Hospital","hospital",,,
"7604817281","21.2256937","72.8176095","Tani Surgical Hospital & Prasutigruh","hospital",,,
"7604817282","21.2339563","72.8216284","Ashwini Ayurved Hospital","hospital",,,
"7604817283","21.2236230","72.8235740","Sanskruti Hospital","hospital",,,
"7604817284","21.2251840","72.8319920","Vedant Eye & ENT Hospital","hospital",,,
"7604817285","21.2223927","72.8211651","Kamlaba Multispeciality Hospital","hospital",,,
"7604817286","21.2211600","72.8133850","Radhama Hospital","hospital",,,
"7604817290","21.2355830","72.8164950","Sahajanand Cancer Hospital","hospital",,,
"7604817291","21.2017490","72.8627940","Sai Krishna Hospital","hospital",,,
"7604817292","21.2172990","72.8299470","Akshar Children Hospital","hospital",,,
"7604817293","21.2329333","72.8366241","Kavya Women Hospital & Laproscopy Centre","hospital",,,
"7604817294","21.2247455","72.8200740","Rhythm Hospital","hospital",,,
"7604817295","21.2257867","72.8175938","Madhav Children Hospital","hospital",,,
"7604817296","21.2236400","72.8256980","Radhama Vitthalbhai Aambliya Hospital & Nidan Kendra","hospital",,,
"7604817297","21.1989049","72.8596911","Mannat Children Hospital","hospital",,,
"7604817298","21.2304080","72.8293250","Shreya Hospital & Prasutigruh","hospital",,,
"7833169378","21.1464386","72.8051995","Darak Dental Care","hospital",,,
"7846556358","21.1856424","72.8097318","the shake maker","cafe",,"Mo-Su 11:00-23:00",
"8094418004","21.1561135","72.8076604","Goraji SuperStore",,"supermarket",,
"8407527478","21.1381158","72.7745876","Episode Coffee Lounge","cafe",,"Mo-Su 10:00-22:00","+91 9904807788"
"8519862707","21.1773139","72.8012332","Hogspot","restaurant",,,
"8519862713","21.1485188","72.7660950","Crushh","cafe",,,
"9385116135","21.1420524","72.7729865","Best Care Pharmacy","pharmacy",,"Mo-Su 09:00-22:00",
"9928911545","21.1418040","72.7934341","Chai Makers By Engineers VIP","cafe",,,
"10201713118","21.2336825","72.8636589","The Coffee Time","cafe",,"Mo-Su 10:00-23:00","+919727275059"
"11047646005","21.1908750","72.8695467","Zest Restaurant","restaurant",,,
"11088970058","21.1442229","72.7957792","Milo Chai Pe","cafe",,"Mo-Su 08:30-23:00","9173874561"
"11238067919","21.1973670","72.8585673","Jagdish Baldaniya's Home","restaurant",,,"+919924783883"
"11743527411","21.1868105","72.8222109","custom","cafe",,,
"12120352301","21.2156438","72.8608731","Hirabaug Health center","hospital",,,
"12170002532","21.1936347","72.7702224","Chai N Chill","cafe",,"Mo-Su 09:00-21:00","9510762433"
"12224099041","21.1996202","72.8592101","MIrror glass worldwide",,"supermarket","Mo-Sa 08:00-18:00","+91 884 951 5994"
"12484272410","21.1522238","72.7978790","Nukkad - Cafe & Restro","restaurant",,,
"12484272875","21.1516216","72.7979638","NAVELI HOSPITAL","hospital",,,
"12484286177","21.1534140","72.7981774","Maheshwari Fast Food & Frankie Corner","restaurant",,,
"12484327387","21.1557636","72.7975820","Irenic Cafe & Pizzeria","restaurant",,,
"12484342974","21.1556115","72.7934094","Pappu Tea Centre","restaurant",,,
"12484715379","21.1431342","72.7895764","Zorko Brand Of Food Lovers","restaurant",,,
"12484734426","21.1429632","72.7925107","IndianOil","fuel",,,
"12593526540","21.1328918","72.8525075","Indian Oil","fuel",,,
"12593687395","21.1704388","72.8271521","Reliance","fuel",,,
"12596386301","21.1239048","72.8557745","SHREE Sainath hospital","hospital",,"24/7",
"12926348336","21.2049233","72.8410396","M/s. Mahesh Chandra and Co. Milk Bar",,"convenience",,
"12959201389","21.2315517","72.8662383","cura123",,"supermarket","24/7","+918320509788"
"13130294281","21.1741867","72.7955727","A.V.SONS",,"supermarket","Mo-Su 09:00-21:00","09099747999"
"13681970301","21.2063470","72.8372316","DISHA CHEMIST","pharmacy",,"24/7","9510739077"
"13734214315","21.2417604","72.8781321","AKSHARAM DENT CARE MULTISPECIALITY DENTAL CLINIC","hospital",,"Mo-Su 09:30-20-30",
"13858043729","21.2131528","72.8399107","Mahakali Super Store",,"supermarket",,
"13898368078","21.2193721","72.8410915","iDot Cafe","restaurant",,,"+91 63549 26326"
