"STATE/UT","DISTRICT","Year","Rape","Kidnapping and Abduction","Dowry Deaths","Assault on women with intent to outrage her modesty","Insult to modesty of Women","Cruelty by Husband or his Relatives","Importation of Girls"
"RAJASTHAN","AJMER",2001,16,125,12,95,0,236,0
"RAJASTHAN","ALWAR",2001,34,87,43,124,0,235,0
"RAJASTHAN","BANSWARA",2001,90,59,10,112,1,151,0
"RAJASTHAN","BARAN",2001,81,94,3,219,5,124,0
"RAJASTHAN","BARMER",2001,13,14,13,71,0,45,0
"RAJASTHAN","BHARATPUR",2001,48,103,24,77,0,209,0
"RAJASTHAN","BHILWARA",2001,42,223,5,126,3,312,0
"RAJASTHAN","BIKANER",2001,35,34,13,53,0,153,0
"RAJASTHAN","BUNDI",2001,36,103,2,164,6,157,0
"RAJASTHAN","CHITTORGARH",2001,67,169,7,112,5,384,0
"RAJASTHAN","CHURU",2001,24,14,8,73,3,174,0
"RAJASTHAN","DAUSA",2001,9,26,8,31,0,60,0
"RAJASTHAN","DHOLPUR",2001,24,33,21,34,0,93,0
"RAJASTHAN","DUNGARPUR",2001,17,50,3,56,0,60,0
"RAJASTHAN","G.R.P.",2001,1,4,0,14,0,0,0
"RAJASTHAN","GANGANAGAR",2001,55,65,13,118,2,375,0
"RAJASTHAN","HANUMANGARH",2001,35,22,20,98,0,241,0
"RAJASTHAN","JAIPUR",2001,61,203,29,179,1,453,0
"RAJASTHAN","JAISALMER",2001,2,7,3,21,0,16,0
"RAJASTHAN","JALORE",2001,10,20,12,61,0,96,0
"RAJASTHAN","JHALAWAR",2001,65,57,8,144,10,224,0
"RAJASTHAN","JHUNJHUNU",2001,19,25,0,50,0,125,0
"RAJASTHAN","JODHPUR",2001,20,53,12,128,3,263,1
"RAJASTHAN","KARAULI",2001,21,50,10,37,0,66,0
"RAJASTHAN","KOTA",2001,50,116,17,203,6,319,0
"RAJASTHAN","NAGAUR",2001,22,34,14,65,0,102,0
"RAJASTHAN","PALI",2001,25,61,15,115,2,196,0
"RAJASTHAN","RAJSAMAND",2001,13,63,6,40,1,104,0
"RAJASTHAN","SAWAI MADHOPUR",2001,19,42,6,49,0,97,0
"RAJASTHAN","SIKAR",2001,13,22,15,28,0,114,0
"RAJASTHAN","SIROHI",2001,22,19,8,29,0,79,0
"RAJASTHAN","TONK",2001,17,50,7,84,6,142,0
"RAJASTHAN","UDAIPUR",2001,43,118,9,68,2,127,0
"RAJASTHAN","TOTAL",2001,1049,2165,376,2878,56,5532,1
"RAJASTHAN","AJMER",2002,27,124,23,65,0,285,0
"RAJASTHAN","ALWAR",2002,44,89,42,115,1,250,0
"RAJASTHAN","BANSWARA",2002,74,50,10,92,1,85,0
"RAJASTHAN","BARAN",2002,51,88,6,188,4,160,0
"RAJASTHAN","BARMER",2002,24,16,8,83,0,66,0
"RAJASTHAN","BHARATPUR",2002,59,79,27,29,0,227,0
"RAJASTHAN","BHILWARA",2002,46,164,4,134,6,339,0
"RAJASTHAN","BIKANER",2002,24,21,13,34,0,142,0
"RAJASTHAN","BUNDI",2002,38,83,7,151,3,225,0
"RAJASTHAN","CHITTORGARH",2002,73,139,7,121,1,330,0
"RAJASTHAN","CHURU",2002,22,14,8,50,0,163,0
"RAJASTHAN","DAUSA",2002,16,27,5,10,0,82,0
"RAJASTHAN","DHOLPUR",2002,26,45,25,43,0,78,0
"RAJASTHAN","DUNGARPUR",2002,21,40,4,58,1,42,0
"RAJASTHAN","G.R.P.",2002,4,2,2,20,0,0,0
"RAJASTHAN","GANGANAGAR",2002,54,52,19,100,1,391,0
"RAJASTHAN","HANUMANGARH",2002,40,27,19,95,1,227,0
"RAJASTHAN","JAIPUR",2002,57,221,32,187,0,517,0
"RAJASTHAN","JAISALMER",2002,3,4,5,13,0,17,0
"RAJASTHAN","JALORE",2002,11,25,10,77,0,84,0
"RAJASTHAN","JHALAWAR",2002,61,60,7,150,11,210,0
"RAJASTHAN","JHUNJHUNU",2002,12,31,15,65,0,122,0
"RAJASTHAN","JODHPUR",2002,33,76,17,157,5,267,0
"RAJASTHAN","KARAULI",2002,21,31,15,57,0,55,0
"RAJASTHAN","KOTA",2002,37,132,6,154,3,319,0
"RAJASTHAN","NAGAUR",2002,39,28,14,78,0,153,0
"RAJASTHAN","PALI",2002,25,59,14,116,3,205,0
"RAJASTHAN","RAJSAMAND",2002,9,44,7,38,0,74,0
"RAJASTHAN","SAWAI MADHOPUR",2002,21,37,2,59,0,113,0
"RAJASTHAN","SIKAR",2002,13,27,10,42,0,116,0
"RAJASTHAN","SIROHI",2002,9,37,3,33,0,83,0
"RAJASTHAN","TONK",2002,18,72,1,45,3,169,0
"RAJASTHAN","UDAIPUR",2002,39,75,12,71,0,95,0
"RAJASTHAN","TOTAL",2002,1051,2019,399,2730,44,5691,0
"RAJASTHAN","AJMER",2003,36,95,17,75,0,284,0
"RAJASTHAN","ALWAR",2003,50,60,42,114,0,274,0
"RAJASTHAN","BANSWARA",2003,53,51,3,89,2,100,0
"RAJASTHAN","BARAN",2003,50,66,3,175,10,187,0
"RAJASTHAN","BARMER",2003,16,15,17,72,0,63,0
"RAJASTHAN","BHARATPUR",2003,41,68,30,55,0,228,0
"RAJASTHAN","BHILWARA",2003,42,112,6,111,0,286,0
"RAJASTHAN","BIKANER",2003,27,28,14,50,0,164,0
"RAJASTHAN","BUNDI",2003,42,49,4,152,0,198,0
"RAJASTHAN","CHITTORGARH",2003,78,164,6,99,3,379,0
"RAJASTHAN","CHURU",2003,22,14,15,76,1,173,0
"RAJASTHAN","DAUSA",2003,17,21,3,20,0,61,0
"RAJASTHAN","DHOLPUR",2003,20,27,21,36,0,92,0
"RAJASTHAN","DUNGARPUR",2003,15,29,10,50,1,54,0
"RAJASTHAN","G.R.P.",2003,0,0,2,12,2,0,0
"RAJASTHAN","GANGANAGAR",2003,75,47,16,69,0,352,0
"RAJASTHAN","HANUMANGARH",2003,56,24,18,93,1,254,0
"RAJASTHAN","JAIPUR",2003,57,187,32,188,0,482,0
"RAJASTHAN","JAISALMER",2003,3,6,4,16,0,13,0
"RAJASTHAN","JALORE",2003,6,30,7,72,0,75,0
"RAJASTHAN","JHALAWAR",2003,50,51,11,141,1,191,0
"RAJASTHAN","JHUNJHUNU",2003,27,33,7,50,0,102,0
"RAJASTHAN","JODHPUR",2003,34,62,15,96,4,282,0
"RAJASTHAN","KARAULI",2003,34,50,13,80,0,73,0
"RAJASTHAN","KOTA",2003,35,115,9,146,2,307,0
"RAJASTHAN","NAGAUR",2003,32,27,10,115,0,128,0
"RAJASTHAN","PALI",2003,27,65,9,184,1,190,0
"RAJASTHAN","RAJSAMAND",2003,12,53,2,32,2,106,0
"RAJASTHAN","SAWAI MADHOPUR",2003,21,27,10,56,0,112,0
"RAJASTHAN","SIKAR",2003,15,22,17,44,0,111,0
"RAJASTHAN","SIROHI",2003,11,32,6,37,0,97,0
"RAJASTHAN","TONK",2003,11,48,5,45,1,179,1
"RAJASTHAN","UDAIPUR",2003,35,72,5,65,2,136,0
"RAJASTHAN","TOTAL",2003,1050,1750,389,2715,33,5733,1
"RAJASTHAN","AJMER",2004,48,101,8,78,0,371,0
"RAJASTHAN","ALWAR",2004,43,67,30,98,0,276,0
"RAJASTHAN","BANSWARA",2004,20,51,7,92,4,86,0
"RAJASTHAN","BARAN",2004,50,63,3,164,5,163,0
"RAJASTHAN","BARMER",2004,14,15,9,95,0,69,0
"RAJASTHAN","BHARATPUR",2004,44,91,16,52,0,295,0
"RAJASTHAN","BHILWARA",2004,44,118,11,121,6,342,0
"RAJASTHAN","BIKANER",2004,41,25,23,48,0,190,0
"RAJASTHAN","BUNDI",2004,47,84,4,141,3,228,0
"RAJASTHAN","CHITTORGARH",2004,67,144,7,165,4,501,0
"RAJASTHAN","CHURU",2004,15,19,7,44,0,198,0
"RAJASTHAN","DAUSA",2004,14,30,14,30,0,89,0
"RAJASTHAN","DHOLPUR",2004,31,27,12,50,0,127,0
"RAJASTHAN","DUNGARPUR",2004,17,37,5,44,0,72,0
"RAJASTHAN","G.R.P.",2004,1,1,1,13,0,1,0
"RAJASTHAN","GANGANAGAR",2004,50,61,20,46,2,450,0
"RAJASTHAN","HANUMANGARH",2004,38,28,12,91,0,291,1
"RAJASTHAN","JAIPUR",2004,81,182,39,240,3,536,0
"RAJASTHAN","JAISALMER",2004,2,4,3,14,0,27,0
"RAJASTHAN","JALORE",2004,5,20,8,45,0,75,0
"RAJASTHAN","JHALAWAR",2004,40,61,4,167,5,258,0
"RAJASTHAN","JHUNJHUNU",2004,26,22,14,55,0,132,0
"RAJASTHAN","JODHPUR",2004,19,53,15,101,2,270,0
"RAJASTHAN","KARAULI",2004,45,46,11,70,0,87,0
"RAJASTHAN","KOTA",2004,42,124,10,186,1,400,0
"RAJASTHAN","NAGAUR",2004,25,29,16,160,0,154,0
"RAJASTHAN","PALI",2004,31,83,12,127,0,239,0
"RAJASTHAN","RAJSAMAND",2004,7,27,3,29,1,131,0
"RAJASTHAN","SAWAI MADHOPUR",2004,28,38,13,45,0,113,0
"RAJASTHAN","SIKAR",2004,18,39,17,38,0,120,0
"RAJASTHAN","SIROHI",2004,14,31,6,44,1,86,0
"RAJASTHAN","TONK",2004,14,45,5,30,2,205,0
"RAJASTHAN","UDAIPUR",2004,57,115,14,102,2,199,0
"RAJASTHAN","TOTAL",2004,1038,1881,379,2825,41,6781,1
"RAJASTHAN","AJMER",2005,26,89,11,61,3,339,0
"RAJASTHAN","ALWAR",2005,52,61,31,110,0,297,0
"RAJASTHAN","BANSWARA",2005,29,29,7,83,1,56,0
"RAJASTHAN","BARAN",2005,45,39,3,121,0,212,0
"RAJASTHAN","BARMER",2005,19,20,13,86,0,72,0
"RAJASTHAN","BHARATPUR",2005,46,58,35,44,0,220,0
"RAJASTHAN","BHILWARA",2005,39,102,14,87,0,293,0
"RAJASTHAN","BIKANER",2005,30,20,12,67,0,199,0
"RAJASTHAN","BUNDI",2005,41,58,5,105,0,166,0
"RAJASTHAN","CHITTORGARH",2005,61,102,7,118,1,335,0
"RAJASTHAN","CHURU",2005,18,19,7,60,0,149,0
"RAJASTHAN","DAUSA",2005,12,16,13,12,0,83,0
"RAJASTHAN","DHOLPUR",2005,25,35,17,30,0,98,0
"RAJASTHAN","DUNGARPUR",2005,9,30,3,39,0,50,0
"RAJASTHAN","G.R.P.",2005,2,2,0,15,1,0,0
"RAJASTHAN","GANGANAGAR",2005,45,47,10,58,0,373,0
"RAJASTHAN","HANUMANGARH",2005,36,18,12,58,0,235,0
"RAJASTHAN","JAIPUR",2005,82,163,40,212,5,538,0
"RAJASTHAN","JAISALMER",2005,2,4,5,16,0,16,0
"RAJASTHAN","JALORE",2005,5,14,5,42,0,59,0
"RAJASTHAN","JHALAWAR",2005,40,46,6,160,6,199,0
"RAJASTHAN","JHUNJHUNU",2005,31,15,11,45,0,98,0
"RAJASTHAN","JODHPUR",2005,29,58,16,98,5,221,0
"RAJASTHAN","KARAULI",2005,22,41,14,40,0,116,0
"RAJASTHAN","KOTA",2005,40,93,5,154,1,361,0
"RAJASTHAN","NAGAUR",2005,33,40,15,169,0,136,0
"RAJASTHAN","PALI",2005,36,59,8,145,1,211,0
"RAJASTHAN","RAJSAMAND",2005,8,37,0,29,2,117,0
"RAJASTHAN","SAWAI MADHOPUR",2005,23,29,8,28,0,114,0
"RAJASTHAN","SIKAR",2005,21,44,12,22,0,137,0
"RAJASTHAN","SIROHI",2005,23,21,4,51,0,104,0
"RAJASTHAN","TONK",2005,18,52,1,37,1,188,0
"RAJASTHAN","UDAIPUR",2005,45,88,11,101,1,205,0
"RAJASTHAN","TOTAL",2005,993,1549,361,2503,28,5997,0
"RAJASTHAN","AJMER",2006,53,90,9,114,1,405,0
"RAJASTHAN","ALWAR",2006,81,68,36,111,0,314,0
"RAJASTHAN","BANSWARA",2006,27,36,5,79,3,93,0
"RAJASTHAN","BARAN",2006,37,40,5,114,2,169,0
"RAJASTHAN","BARMER",2006,12,21,7,85,0,74,0
"RAJASTHAN","BHARATPUR",2006,35,66,16,40,0,274,0
"RAJASTHAN","BHILWARA",2006,40,76,9,81,0,221,0
"RAJASTHAN","BIKANER",2006,29,27,16,63,0,287,0
"RAJASTHAN","BUNDI",2006,39,53,5,103,0,260,0
"RAJASTHAN","CHITTORGARH",2006,65,127,9,151,3,437,0
"RAJASTHAN","CHURU",2006,17,11,10,16,0,183,0
"RAJASTHAN","DAUSA",2006,16,19,14,34,0,105,0
"RAJASTHAN","DHOLPUR",2006,28,33,25,33,0,116,0
"RAJASTHAN","DUNGARPUR",2006,18,20,2,64,0,47,0
"RAJASTHAN","G.R.P.",2006,0,5,0,19,0,0,0
"RAJASTHAN","GANGANAGAR",2006,39,35,16,64,1,457,0
"RAJASTHAN","HANUMANGARH",2006,31,14,10,65,0,257,0
"RAJASTHAN","JAIPUR EAST",2006,19,51,6,40,2,156,0
"RAJASTHAN","JAIPUR NORTH",2006,18,48,8,42,0,151,0
"RAJASTHAN","JAIPUR RURAL",2006,34,57,14,98,1,169,0
"RAJASTHAN","JAIPUR SOUTH",2006,21,38,9,28,0,144,0
"RAJASTHAN","JAISALMER",2006,1,3,5,14,0,15,1
"RAJASTHAN","JALORE",2006,10,17,10,41,0,81,0
"RAJASTHAN","JHALAWAR",2006,42,51,10,151,3,189,0
"RAJASTHAN","JHUNJHUNU",2006,44,13,17,38,0,157,0
"RAJASTHAN","JODHPUR CITY",2006,18,28,10,53,3,209,0
"RAJASTHAN","JODHPUR RURAL",2006,19,15,17,59,0,58,0
"RAJASTHAN","KARAULI",2006,29,31,19,39,0,99,0
"RAJASTHAN","KOTA CITY",2006,18,70,12,49,3,272,0
"RAJASTHAN","KOTA RURAL",2006,19,19,4,91,3,132,0
"RAJASTHAN","NAGAUR",2006,35,37,12,193,0,221,0
"RAJASTHAN","PALI",2006,30,62,10,131,1,220,0
"RAJASTHAN","RAJSAMAND",2006,6,30,2,37,1,159,0
"RAJASTHAN","SAWAI MADHOPUR",2006,20,35,7,44,0,136,0
"RAJASTHAN","SIKAR",2006,29,34,9,31,0,165,0
"RAJASTHAN","SIROHI",2006,20,25,7,50,1,99,0
"RAJASTHAN","TONK",2006,12,50,5,18,2,249,2
"RAJASTHAN","UDAIPUR",2006,74,98,7,99,1,258,0
"RAJASTHAN","TOTAL",2006,1085,1553,394,2582,31,7038,3
"RAJASTHAN","AJMER",2007,31,65,19,105,3,515,0
"RAJASTHAN","ALWAR",2007,73,65,43,141,1,391,0
"RAJASTHAN","BANSWARA",2007,39,42,4,55,1,100,0
"RAJASTHAN","BARAN",2007,43,28,8,112,1,194,0
"RAJASTHAN","BARMER",2007,19,24,9,78,0,103,0
"RAJASTHAN","BHARATPUR",2007,62,83,30,41,1,360,0
"RAJASTHAN","BHILWARA",2007,48,47,10,80,1,329,0
"RAJASTHAN","BIKANER",2007,32,33,18,76,0,307,0
"RAJASTHAN","BUNDI",2007,28,47,2,87,0,204,0
"RAJASTHAN","CHITTORGARH",2007,92,119,6,155,2,530,0
"RAJASTHAN","CHURU",2007,27,18,11,38,0,244,0
"RAJASTHAN","DAUSA",2007,16,43,12,39,0,112,0
"RAJASTHAN","DHOLPUR",2007,20,41,13,22,0,164,0
"RAJASTHAN","DUNGARPUR",2007,10,40,2,58,0,66,0
"RAJASTHAN","G.R.P.",2007,0,3,1,12,4,0,0
"RAJASTHAN","GANGANAGAR",2007,66,44,11,64,2,625,0
"RAJASTHAN","HANUMANGARH",2007,39,19,14,53,1,179,0
"RAJASTHAN","JAIPUR EAST",2007,25,45,7,38,0,159,0
"RAJASTHAN","JAIPUR NORTH",2007,23,76,11,37,0,168,0
"RAJASTHAN","JAIPUR RURAL",2007,39,66,25,127,5,204,0
"RAJASTHAN","JAIPUR SOUTH",2007,14,58,7,26,0,157,0
"RAJASTHAN","JAISALMER",2007,4,7,7,9,0,23,0
"RAJASTHAN","JALORE",2007,7,24,9,62,0,107,0
"RAJASTHAN","JHALAWAR",2007,54,35,10,113,0,222,0
"RAJASTHAN","JHUNJHUNU",2007,31,25,18,39,0,204,0
"RAJASTHAN","JODHPUR CITY",2007,16,40,11,32,1,227,0
"RAJASTHAN","JODHPUR RURAL",2007,24,15,15,49,0,70,0
"RAJASTHAN","KARAULI",2007,28,43,18,35,0,110,0
"RAJASTHAN","KOTA CITY",2007,25,66,10,41,1,261,0
"RAJASTHAN","KOTA RURAL",2007,30,30,5,73,0,173,0
"RAJASTHAN","NAGAUR",2007,38,37,12,119,0,252,0
"RAJASTHAN","PALI",2007,39,62,5,108,0,268,0
"RAJASTHAN","RAJSAMAND",2007,5,36,6,28,1,189,0
"RAJASTHAN","SAWAI MADHOPUR",2007,21,36,13,33,0,131,0
"RAJASTHAN","SIKAR",2007,34,42,19,32,0,183,0
"RAJASTHAN","SIROHI",2007,23,32,5,51,0,130,0
"RAJASTHAN","TONK",2007,19,50,3,20,1,212,0
"RAJASTHAN","UDAIPUR",2007,94,108,10,189,2,297,0
"RAJASTHAN","TOTAL",2007,1238,1694,439,2477,28,8170,0
"RAJASTHAN","AJMER",2008,45,84,17,108,0,516,0
"RAJASTHAN","ALWAR",2008,88,91,38,134,0,429,0
"RAJASTHAN","BANSWARA",2008,42,45,8,66,1,85,0
"RAJASTHAN","BARAN",2008,52,45,10,169,0,181,0
"RAJASTHAN","BARMER",2008,20,21,14,82,0,116,0
"RAJASTHAN","BHARATPUR",2008,74,75,24,39,0,371,0
"RAJASTHAN","BHILWARA",2008,42,58,13,77,0,370,0
"RAJASTHAN","BIKANER",2008,48,28,12,74,0,306,0
"RAJASTHAN","BUNDI",2008,33,52,3,98,0,224,0
"RAJASTHAN","CHITTORGARH",2008,40,80,6,73,1,402,0
"RAJASTHAN","CHURU",2008,37,22,16,16,0,212,0
"RAJASTHAN","DAUSA",2008,21,48,9,34,0,100,0
"RAJASTHAN","DHOLPUR",2008,21,46,19,9,0,127,0
"RAJASTHAN","DUNGARPUR",2008,26,48,11,66,0,94,0
"RAJASTHAN","G.R.P.",2008,2,1,1,17,0,0,0
"RAJASTHAN","GANGANAGAR",2008,70,43,16,59,2,276,0
"RAJASTHAN","HANUMANGARH",2008,33,29,17,68,0,232,0
"RAJASTHAN","JAIPUR EAST",2008,20,61,6,54,2,140,0
"RAJASTHAN","JAIPUR NORTH",2008,25,69,5,26,0,149,0
"RAJASTHAN","JAIPUR RURAL",2008,35,82,11,108,5,205,0
"RAJASTHAN","JAIPUR SOUTH",2008,15,44,9,26,0,162,0
"RAJASTHAN","JAISALMER",2008,4,6,10,19,0,24,0
"RAJASTHAN","JALORE",2008,13,17,8,50,0,106,0
"RAJASTHAN","JHALAWAR",2008,44,44,6,144,2,262,0
"RAJASTHAN","JHUNJHUNU",2008,40,35,22,32,0,240,0
"RAJASTHAN","JODHPUR CITY",2008,19,35,10,25,1,212,0
"RAJASTHAN","JODHPUR RURAL",2008,32,21,17,47,0,81,0
"RAJASTHAN","KARAULI",2008,33,32,11,27,0,99,0
"RAJASTHAN","KOTA CITY",2008,24,55,10,40,1,307,0
"RAJASTHAN","KOTA RURAL",2008,34,26,4,76,0,201,0
"RAJASTHAN","NAGAUR",2008,33,48,18,142,0,257,0
"RAJASTHAN","PALI",2008,43,79,13,116,1,323,0
"RAJASTHAN","PRATAPGARH",2008,49,52,2,51,0,138,0
"RAJASTHAN","RAJSAMAND",2008,12,34,0,35,0,195,0
"RAJASTHAN","SAWAI MADHOPUR",2008,16,39,6,29,0,144,0
"RAJASTHAN","SIKAR",2008,40,38,15,18,0,217,0
"RAJASTHAN","SIROHI",2008,17,36,5,66,0,110,0
"RAJASTHAN","TONK",2008,22,46,6,41,3,206,0
"RAJASTHAN","UDAIPUR",2008,91,148,11,159,0,294,0
"RAJASTHAN","TOTAL",2008,1355,1863,439,2520,19,8113,0
"RAJASTHAN","AJMER",2009,47,69,17,64,1,546,0
"RAJASTHAN","ALWAR",2009,101,128,35,139,0,516,0
"RAJASTHAN","BANSWARA",2009,40,49,3,43,0,143,0
"RAJASTHAN","BARAN",2009,55,84,9,130,1,289,0
"RAJASTHAN","BARMER",2009,31,29,14,96,0,150,0
"RAJASTHAN","BHARATPUR",2009,82,131,35,39,0,437,0
"RAJASTHAN","BHILWARA",2009,52,87,7,97,0,518,0
"RAJASTHAN","BIKANER",2009,37,36,11,83,0,353,0
"RAJASTHAN","BUNDI",2009,37,93,5,138,0,270,0
"RAJASTHAN","CHITTORGARH",2009,44,70,7,82,0,463,0
"RAJASTHAN","CHURU",2009,33,22,11,19,0,296,0
"RAJASTHAN","DAUSA",2009,13,62,14,19,0,144,0
"RAJASTHAN","DHOLPUR",2009,30,52,32,19,0,180,0
"RAJASTHAN","DUNGARPUR",2009,29,36,11,47,0,97,0
"RAJASTHAN","G.R.P.",2009,1,1,2,9,0,0,0
"RAJASTHAN","GANGANAGAR",2009,89,56,13,61,1,646,0
"RAJASTHAN","HANUMANGARH",2009,54,43,16,60,0,266,0
"RAJASTHAN","JAIPUR EAST",2009,29,55,6,53,0,179,0
"RAJASTHAN","JAIPUR NORTH",2009,23,72,9,31,0,202,0
"RAJASTHAN","JAIPUR RURAL",2009,49,85,14,94,3,256,0
"RAJASTHAN","JAIPUR SOUTH",2009,17,62,5,18,0,192,0
"RAJASTHAN","JAISALMER",2009,5,9,5,18,0,23,0
"RAJASTHAN","JALORE",2009,19,26,9,39,0,142,0
"RAJASTHAN","JHALAWAR",2009,55,45,7,215,3,379,0
"RAJASTHAN","JHUNJHUNU",2009,41,50,13,39,0,280,0
"RAJASTHAN","JODHPUR CITY",2009,15,55,9,40,1,242,0
"RAJASTHAN","JODHPUR RURAL",2009,27,29,19,43,0,97,0
"RAJASTHAN","KARAULI",2009,46,49,14,25,0,138,0
"RAJASTHAN","KOTA CITY",2009,23,76,7,51,0,376,0
"RAJASTHAN","KOTA RURAL",2009,29,32,4,99,3,230,0
"RAJASTHAN","NAGAUR",2009,53,76,6,117,0,302,0
"RAJASTHAN","PALI",2009,48,92,8,77,4,403,0
"RAJASTHAN","PRATAPGARH",2009,54,59,2,50,0,180,0
"RAJASTHAN","RAJSAMAND",2009,11,42,3,46,2,205,0
"RAJASTHAN","SAWAI MADHOPUR",2009,17,66,10,18,0,171,0
"RAJASTHAN","SIKAR",2009,36,59,21,18,0,323,0
"RAJASTHAN","SIROHI",2009,18,25,4,64,1,132,0
"RAJASTHAN","TONK",2009,20,42,4,26,0,252,0
"RAJASTHAN","UDAIPUR",2009,109,156,15,159,4,353,0
"RAJASTHAN","TOTAL",2009,1519,2310,436,2485,24,10371,0
"RAJASTHAN","AJMER",2010,47,86,12,81,0,615,0
"RAJASTHAN","ALWAR",2010,105,138,42,122,0,588,0
"RAJASTHAN","BANSWARA",2010,61,53,8,47,1,151,0
"RAJASTHAN","BARAN",2010,48,72,9,129,2,267,0
"RAJASTHAN","BARMER",2010,34,33,18,71,0,194,0
"RAJASTHAN","BHARATPUR",2010,83,152,33,38,0,437,0
"RAJASTHAN","BHILWARA",2010,48,130,3,74,1,593,0
"RAJASTHAN","BIKANER",2010,41,34,18,58,0,354,0
"RAJASTHAN","BUNDI",2010,31,80,3,113,0,285,0
"RAJASTHAN","CHITTORGARH",2010,42,96,6,76,0,516,0
"RAJASTHAN","CHURU",2010,49,17,22,10,0,301,0
"RAJASTHAN","DAUSA",2010,24,69,18,18,0,162,0
"RAJASTHAN","DHOLPUR",2010,22,53,28,18,0,186,0
"RAJASTHAN","DUNGARPUR",2010,26,50,5,56,0,100,0
"RAJASTHAN","G.R.P. AJMER",2010,0,0,3,1,0,0,0
"RAJASTHAN","G.R.P. JODHPUR",2010,2,0,0,1,2,0,0
"RAJASTHAN","GANGANAGAR",2010,72,94,18,74,2,659,0
"RAJASTHAN","HANUMANGARH",2010,56,44,15,98,0,427,0
"RAJASTHAN","JAIPUR EAST",2010,28,66,10,42,0,231,0
"RAJASTHAN","JAIPUR NORTH",2010,25,67,13,40,0,234,0
"RAJASTHAN","JAIPUR RURAL",2010,27,90,13,63,1,253,0
"RAJASTHAN","JAIPUR SOUTH",2010,18,47,7,33,0,255,0
"RAJASTHAN","JAISALMER",2010,3,7,5,25,0,29,0
"RAJASTHAN","JALORE",2010,13,29,14,36,0,122,0
"RAJASTHAN","JHALAWAR",2010,62,48,6,187,4,303,0
"RAJASTHAN","JHUNJHUNU",2010,49,50,15,45,0,251,0
"RAJASTHAN","JODHPUR CITY",2010,27,43,13,31,3,247,0
"RAJASTHAN","JODHPUR RURAL",2010,17,39,11,29,0,132,0
"RAJASTHAN","KARAULI",2010,42,72,12,24,0,157,0
"RAJASTHAN","KOTA CITY",2010,33,74,2,50,0,369,0
"RAJASTHAN","KOTA RURAL",2010,36,35,2,67,0,199,0
"RAJASTHAN","NAGAUR",2010,60,57,22,86,0,348,0
"RAJASTHAN","PALI",2010,53,98,9,75,0,442,0
"RAJASTHAN","PRATAPGARH",2010,56,56,7,69,0,173,0
"RAJASTHAN","RAJSAMAND",2010,14,25,4,41,0,233,0
"RAJASTHAN","SAWAI MADHOPUR",2010,16,65,0,26,0,179,0
"RAJASTHAN","SIKAR",2010,52,86,12,11,0,313,0
"RAJASTHAN","SIROHI",2010,20,27,6,63,0,175,0
"RAJASTHAN","TONK",2010,18,44,4,19,1,338,0
"RAJASTHAN","UDAIPUR",2010,111,151,14,192,6,327,0
"RAJASTHAN","TOTAL",2010,1571,2477,462,2339,23,11145,0
"RAJASTHAN","AJMER",2011,70,108,15,105,0,709,0
"RAJASTHAN","ALWAR",2011,99,143,53,136,0,556,0
"RAJASTHAN","BANSWARA",2011,55,95,6,59,2,190,0
"RAJASTHAN","BARAN",2011,60,88,10,158,1,351,0
"RAJASTHAN","BARMER",2011,21,34,27,36,0,201,0
"RAJASTHAN","BHARATPUR",2011,69,139,29,85,0,478,0
"RAJASTHAN","BHILWARA",2011,52,74,16,90,0,558,0
"RAJASTHAN","BIKANER",2011,55,25,17,54,0,446,0
"RAJASTHAN","BUNDI",2011,40,99,6,114,0,298,0
"RAJASTHAN","CHITTORGARH",2011,50,98,4,48,1,588,0
"RAJASTHAN","CHURU",2011,37,26,10,11,0,342,0
"RAJASTHAN","DAUSA",2011,13,72,12,17,0,184,0
"RAJASTHAN","DHOLPUR",2011,32,64,19,12,0,197,0
"RAJASTHAN","DUNGARPUR",2011,39,87,5,57,0,134,0
"RAJASTHAN","G.R.P.AJMER",2011,2,6,0,9,0,0,0
"RAJASTHAN","G.R.P.JODHPUR",2011,0,1,0,7,0,0,0
"RAJASTHAN","GANGANAGAR",2011,99,68,19,73,1,653,0
"RAJASTHAN","HANUMANGARH",2011,82,38,12,66,0,405,0
"RAJASTHAN","JAIPUR EAST",2011,31,69,15,59,0,272,0
"RAJASTHAN","JAIPUR NORTH",2011,20,38,8,23,0,241,0
"RAJASTHAN","JAIPUR RURAL",2011,37,75,15,37,0,213,0
"RAJASTHAN","JAIPUR SOUTH",2011,18,47,6,18,0,215,0
"RAJASTHAN","JAIPUR WEST",2011,23,72,10,25,0,208,0
"RAJASTHAN","JAISALMER",2011,4,5,5,17,0,20,0
"RAJASTHAN","JALORE",2011,22,47,14,24,0,154,0
"RAJASTHAN","JHALAWAR",2011,67,55,14,201,3,385,0
"RAJASTHAN","JHUNJHUNU",2011,51,59,21,68,0,284,0
"RAJASTHAN","JODHPUR CITY",2011,33,45,13,57,1,338,0
"RAJASTHAN","JODHPUR RURAL",2011,26,35,17,28,0,133,0
"RAJASTHAN","KARAULI",2011,38,78,18,18,0,174,0
"RAJASTHAN","KOTA CITY",2011,24,74,5,58,0,413,0
"RAJASTHAN","KOTA RURAL",2011,44,50,5,98,0,235,0
"RAJASTHAN","NAGAUR",2011,70,60,14,66,0,398,0
"RAJASTHAN","PALI",2011,64,88,11,84,0,451,0
"RAJASTHAN","PRATAPGARH",2011,103,77,7,65,0,212,0
"RAJASTHAN","RAJSAMAND",2011,14,44,2,61,0,234,0
"RAJASTHAN","SAWAI MADHOPUR",2011,24,72,4,43,0,201,0
"RAJASTHAN","SIKAR",2011,50,69,26,11,0,232,0
"RAJASTHAN","SIROHI",2011,27,52,5,76,0,156,0
"RAJASTHAN","TONK",2011,25,75,5,23,0,315,0
"RAJASTHAN","UDAIPUR",2011,110,162,14,150,0,444,0
"RAJASTHAN","TOTAL",2011,1800,2713,514,2447,9,12218,0
"RAJASTHAN","AJMER",2012,70,76,13,72,0,668,0
"RAJASTHAN","ALWAR",2012,129,154,47,135,0,655,0
"RAJASTHAN","BANSWARA",2012,56,87,4,49,3,237,0
"RAJASTHAN","BARAN",2012,69,84,7,185,2,313,0
"RAJASTHAN","BARMER",2012,21,35,20,59,0,237,0
"RAJASTHAN","BHARATPUR",2012,108,168,32,79,0,567,0
"RAJASTHAN","BHILWARA",2012,59,70,10,98,0,609,0
"RAJASTHAN","BIKANER",2012,67,35,16,31,0,546,0
"RAJASTHAN","BUNDI",2012,43,77,5,90,1,304,0
"RAJASTHAN","CHITTORGARH",2012,59,81,6,64,1,608,0
"RAJASTHAN","CHURU",2012,59,26,8,5,0,405,0
"RAJASTHAN","DAUSA",2012,14,75,19,9,0,181,0
"RAJASTHAN","DHOLPUR",2012,32,60,30,19,0,195,0
"RAJASTHAN","DUNGARPUR",2012,32,65,5,48,0,119,0
"RAJASTHAN","G.R.P.AJMER",2012,4,5,1,13,0,0,0
"RAJASTHAN","G.R.P.JODHPUR",2012,1,0,1,2,0,0,0
"RAJASTHAN","GANGANAGAR",2012,77,73,21,58,2,803,0
"RAJASTHAN","HANUMANGARH",2012,92,57,19,43,0,515,0
"RAJASTHAN","JAIPUR EAST",2012,41,55,10,24,0,201,0
"RAJASTHAN","JAIPUR NORTH",2012,37,54,13,29,0,265,0
"RAJASTHAN","JAIPUR RURAL",2012,39,86,11,46,0,281,0
"RAJASTHAN","JAIPUR SOUTH",2012,17,21,7,20,0,217,0
"RAJASTHAN","JAIPUR WEST",2012,38,60,0,18,0,257,0
"RAJASTHAN","JAISALMER",2012,12,5,11,20,0,22,0
"RAJASTHAN","JALORE",2012,13,39,15,40,0,138,0
"RAJASTHAN","JHALAWAR",2012,81,76,5,205,2,434,0
"RAJASTHAN","JHUNJHUNU",2012,45,55,17,44,0,347,0
"RAJASTHAN","JODHPUR EAST",2012,20,13,11,16,0,296,0
"RAJASTHAN","JODHPUR RURAL",2012,27,28,16,26,0,121,0
"RAJASTHAN","JODHPUR WEST",2012,20,23,5,27,0,5,0
"RAJASTHAN","KARAULI",2012,44,77,15,7,0,196,0
"RAJASTHAN","KOTA CITY",2012,45,62,5,73,0,428,0
"RAJASTHAN","KOTA RURAL",2012,42,44,6,105,2,200,0
"RAJASTHAN","NAGAUR",2012,53,106,11,66,0,416,0
"RAJASTHAN","PALI",2012,61,104,9,75,1,464,0
"RAJASTHAN","PRATAPGARH",2012,137,78,2,79,0,276,0
"RAJASTHAN","RAJSAMAND",2012,14,53,5,40,1,263,0
"RAJASTHAN","SAWAI MADHOPUR",2012,19,75,6,39,0,213,0
"RAJASTHAN","SIKAR",2012,55,62,18,22,0,322,0
"RAJASTHAN","SIROHI",2012,29,64,4,74,1,180,0
"RAJASTHAN","TONK",2012,19,66,3,24,2,309,0
"RAJASTHAN","UDAIPUR",2012,149,163,9,174,0,499,0
"RAJASTHAN","TOTAL",2012,2049,2697,478,2352,18,13312,0
