STATE/UT,DISTRICT,Year,Rape,Kidnapping and Abduction,Dowry Deaths,Assault on women with intent to outrage her modesty,Insult to modesty of Women,Cruelty by Husband or his Relatives,Importation of Girls
Rajasthan,AJMER,2013,100,155,16,166,1,863,0
Rajasthan,ALWAR,2013,316,253,42,288,0,707,0
Rajasthan,BANSWARA,2013,117,105,13,108,0,205,0
Rajasthan,BARAN,2013,66,102,1,208,0,289,0
Rajasthan,BARMER,2013,55,25,21,190,0,274,0
Rajasthan,BHARATPUR,2013,164,201,34,156,0,574,0
Rajasthan,BHILWARA,2013,101,107,8,135,0,652,0
Rajasthan,BIKANER,2013,100,71,18,63,0,516,0
Rajasthan,BUNDI,2013,63,98,2,117,0,326,0
Rajasthan,CHITTORGARH,2013,93,150,4,142,0,782,1
Rajasthan,CHURU,2013,73,54,10,15,0,420,0
Rajasthan,DAUSA,2013,41,103,11,163,0,221,0
Rajasthan,DHOLPUR,2013,56,72,40,28,0,196,0
Rajasthan,DISCOM,2013,0,0,0,0,0,0,0
Rajasthan,DUNGARPUR,2013,86,104,6,99,0,175,0
Rajasthan,G.R.P.AJMER,2013,1,5,1,10,1,0,0
Rajasthan,G.R.P.JODHPUR,2013,0,0,0,3,0,0,0
Rajasthan,GANGANAGAR,2013,151,139,20,127,3,957,0
Rajasthan,HANUMANGARH,2013,105,92,15,121,1,599,0
Rajasthan,JAIPUR EAST,2013,49,94,5,107,0,267,0
Rajasthan,JAIPUR NORTH,2013,37,86,4,68,0,300,0
Rajasthan,JAIPUR RURAL,2013,68,99,8,120,0,269,0
Rajasthan,JAIPUR SOUTH,2013,42,71,7,39,0,214,0
Rajasthan,JAIPUR WEST,2013,64,128,5,69,0,329,0
Rajasthan,JAISALMER,2013,17,9,4,88,0,37,0
Rajasthan,JALORE,2013,44,38,12,72,0,180,0
Rajasthan,JHALAWAR,2013,117,113,5,307,5,478,0
Rajasthan,JHUNJHUNU,2013,72,72,12,40,0,405,0
Rajasthan,JODHPUR EAST,2013,20,49,1,51,0,205,0
Rajasthan,JODHPUR RURAL,2013,50,49,11,88,0,166,0
Rajasthan,JODHPUR WEST,2013,50,55,6,90,0,168,0
Rajasthan,KARAULI,2013,48,77,13,79,0,179,0
Rajasthan,KOTA CITY,2013,86,154,6,101,5,512,0
Rajasthan,KOTA RURAL,2013,45,65,0,166,0,247,0
Rajasthan,NAGAUR,2013,97,106,20,110,0,500,0
Rajasthan,PALI,2013,92,138,16,222,0,512,0
Rajasthan,PRATAPGARH,2013,200,138,6,171,0,333,0
Rajasthan,RAJSAMAND,2013,40,67,9,72,1,271,0
Rajasthan,SAWAI MADHOPUR,2013,39,68,5,60,0,206,0
Rajasthan,SIKAR,2013,73,133,13,50,0,397,0
Rajasthan,SIROHI,2013,47,61,8,109,0,213,0
Rajasthan,TONK,2013,33,76,5,75,8,352,0
Rajasthan,UDAIPUR,2013,167,265,10,336,0,598,0
Rajasthan,ZZ TOTAL,2013,3285,4047,453,4829,25,15094,1
